# Blender 4.3.0
# www.blender.org
mtllib login_smooth.mtl
o Text
v 3.301000 0.569000 0.000000
v 3.312449 0.573982 0.000000
v 3.323343 0.578440 0.000000
v 3.333750 0.582391 0.000000
v 3.343741 0.585852 0.000000
v 3.353384 0.588841 0.000000
v 3.362750 0.591375 0.000000
v 3.371908 0.593472 0.000000
v 3.380926 0.595148 0.000000
v 3.389875 0.596422 0.000000
v 3.398824 0.597310 0.000000
v 3.407843 0.597830 0.000000
v 3.417000 0.598000 0.000000
v 3.434447 0.597196 0.000000
v 3.450741 0.594819 0.000000
v 3.465813 0.590922 0.000000
v 3.479593 0.585556 0.000000
v 3.492012 0.578773 0.000000
v 3.503000 0.570625 0.000000
v 3.512489 0.561165 0.000000
v 3.520408 0.550444 0.000000
v 3.526688 0.538516 0.000000
v 3.531260 0.525431 0.000000
v 3.534054 0.511241 0.000000
v 3.535000 0.496000 0.000000
v 3.534063 0.481028 0.000000
v 3.531250 0.467139 0.000000
v 3.526563 0.454375 0.000000
v 3.520000 0.442778 0.000000
v 3.511563 0.432389 0.000000
v 3.501250 0.423250 0.000000
v 3.489063 0.415403 0.000000
v 3.475000 0.408889 0.000000
v 3.459063 0.403750 0.000000
v 3.441250 0.400028 0.000000
v 3.421563 0.397764 0.000000
v 3.400000 0.397000 0.000000
v 3.400000 0.307000 0.000000
v 3.423249 0.307087 0.000000
v 3.444495 0.304944 0.000000
v 3.463734 0.300719 0.000000
v 3.480963 0.294556 0.000000
v 3.496178 0.286601 0.000000
v 3.509375 0.277000 0.000000
v 3.520552 0.265899 0.000000
v 3.529704 0.253444 0.000000
v 3.536828 0.239781 0.000000
v 3.541921 0.225056 0.000000
v 3.544980 0.209413 0.000000
v 3.546000 0.193000 0.000000
v 3.545115 0.176991 0.000000
v 3.542505 0.162009 0.000000
v 3.538234 0.148125 0.000000
v 3.532371 0.135407 0.000000
v 3.524979 0.123926 0.000000
v 3.516125 0.113750 0.000000
v 3.505876 0.104949 0.000000
v 3.494297 0.097593 0.000000
v 3.481453 0.091750 0.000000
v 3.467412 0.087491 0.000000
v 3.452239 0.084884 0.000000
v 3.436000 0.084000 0.000000
v 3.423499 0.084355 0.000000
v 3.410991 0.085421 0.000000
v 3.398469 0.087203 0.000000
v 3.385926 0.089704 0.000000
v 3.373355 0.092927 0.000000
v 3.360750 0.096875 0.000000
v 3.348103 0.101553 0.000000
v 3.335407 0.106963 0.000000
v 3.322656 0.113109 0.000000
v 3.309843 0.119995 0.000000
v 3.296960 0.127624 0.000000
v 3.284000 0.136000 0.000000
v 3.284000 0.030000 0.000000
v 3.296249 0.023981 0.000000
v 3.308491 0.018431 0.000000
v 3.320719 0.013359 0.000000
v 3.332926 0.008778 0.000000
v 3.345105 0.004696 0.000000
v 3.357250 0.001125 0.000000
v 3.369353 -0.001925 -0.000000
v 3.381407 -0.004444 -0.000000
v 3.393406 -0.006422 -0.000000
v 3.405343 -0.007847 -0.000000
v 3.417210 -0.008710 -0.000000
v 3.429000 -0.009000 -0.000000
v 3.459699 -0.007257 -0.000000
v 3.488676 -0.002139 -0.000000
v 3.515750 0.006188 0.000000
v 3.540741 0.017556 0.000000
v 3.563468 0.031799 0.000000
v 3.583750 0.048750 0.000000
v 3.601408 0.068243 0.000000
v 3.616260 0.090111 0.000000
v 3.628125 0.114188 0.000000
v 3.636825 0.140306 0.000000
v 3.642176 0.168299 0.000000
v 3.644000 0.198000 0.000000
v 3.643370 0.215491 0.000000
v 3.641463 0.232847 0.000000
v 3.638250 0.249891 0.000000
v 3.633704 0.266444 0.000000
v 3.627796 0.282332 0.000000
v 3.620500 0.297375 0.000000
v 3.611787 0.311398 0.000000
v 3.601630 0.324222 0.000000
v 3.590000 0.335672 0.000000
v 3.576870 0.345569 0.000000
v 3.562213 0.353738 0.000000
v 3.546000 0.360000 0.000000
v 3.560736 0.368701 0.000000
v 3.573972 0.377861 0.000000
v 3.585750 0.387563 0.000000
v 3.596111 0.397889 0.000000
v 3.605098 0.408924 0.000000
v 3.612750 0.420750 0.000000
v 3.619111 0.433451 0.000000
v 3.624223 0.447111 0.000000
v 3.628125 0.461813 0.000000
v 3.630861 0.477639 0.000000
v 3.632472 0.494674 0.000000
v 3.633000 0.513000 0.000000
v 3.631375 0.539190 0.000000
v 3.626583 0.563685 0.000000
v 3.618750 0.586375 0.000000
v 3.608000 0.607148 0.000000
v 3.594458 0.625894 0.000000
v 3.578250 0.642500 0.000000
v 3.559500 0.656857 0.000000
v 3.538333 0.668852 0.000000
v 3.514875 0.678375 0.000000
v 3.489250 0.685315 0.000000
v 3.461584 0.689560 0.000000
v 3.432000 0.691000 0.000000
v 3.419492 0.690811 0.000000
v 3.407435 0.690241 0.000000
v 3.395781 0.689281 0.000000
v 3.384481 0.687926 0.000000
v 3.373487 0.686168 0.000000
v 3.362750 0.684000 0.000000
v 3.352221 0.681415 0.000000
v 3.341852 0.678407 0.000000
v 3.331594 0.674969 0.000000
v 3.321398 0.671093 0.000000
v 3.311216 0.666772 0.000000
v 3.301000 0.662000 0.000000
v 0.075000 0.000000 0.000000
v 0.309000 0.000000 0.000000
v 0.349526 0.001977 0.000000
v 0.385708 0.007648 0.000000
v 0.417703 0.016625 0.000000
v 0.445667 0.028519 0.000000
v 0.469755 0.042940 0.000000
v 0.490125 0.059500 0.000000
v 0.506932 0.077810 0.000000
v 0.520333 0.097481 0.000000
v 0.530484 0.118125 0.000000
v 0.537542 0.139352 0.000000
v 0.541662 0.160773 0.000000
v 0.543000 0.182000 0.000000
v 0.541721 0.204466 0.000000
v 0.537935 0.225810 0.000000
v 0.531719 0.245953 0.000000
v 0.523148 0.264815 0.000000
v 0.512300 0.282315 0.000000
v 0.499250 0.298375 0.000000
v 0.484075 0.312914 0.000000
v 0.466852 0.325852 0.000000
v 0.447656 0.337109 0.000000
v 0.426565 0.346606 0.000000
v 0.403654 0.354263 0.000000
v 0.379000 0.360000 0.000000
v 0.379000 0.362000 0.000000
v 0.395961 0.369609 0.000000
v 0.411356 0.377954 0.000000
v 0.425203 0.387063 0.000000
v 0.437519 0.396963 0.000000
v 0.448320 0.407683 0.000000
v 0.457625 0.419250 0.000000
v 0.465451 0.431692 0.000000
v 0.471815 0.445037 0.000000
v 0.476734 0.459312 0.000000
v 0.480227 0.474546 0.000000
v 0.482310 0.490766 0.000000
v 0.483000 0.508000 0.000000
v 0.481675 0.529490 0.000000
v 0.477653 0.550750 0.000000
v 0.470859 0.571469 0.000000
v 0.461222 0.591333 0.000000
v 0.448668 0.610031 0.000000
v 0.433125 0.627250 0.000000
v 0.414519 0.642677 0.000000
v 0.392778 0.656000 0.000000
v 0.367828 0.666906 0.000000
v 0.339597 0.675083 0.000000
v 0.308012 0.680219 0.000000
v 0.273000 0.682000 0.000000
v 0.075000 0.682000 0.000000
v 0.173000 0.594000 0.000000
v 0.263000 0.594000 0.000000
v 0.284248 0.593105 0.000000
v 0.303065 0.590505 0.000000
v 0.319563 0.586328 0.000000
v 0.333852 0.580704 0.000000
v 0.346044 0.573760 0.000000
v 0.356250 0.565625 0.000000
v 0.364581 0.556428 0.000000
v 0.371148 0.546296 0.000000
v 0.376063 0.535359 0.000000
v 0.379435 0.523745 0.000000
v 0.381377 0.511583 0.000000
v 0.382000 0.499000 0.000000
v 0.381019 0.481520 0.000000
v 0.378069 0.465579 0.000000
v 0.373141 0.451172 0.000000
v 0.366222 0.438296 0.000000
v 0.357304 0.426948 0.000000
v 0.346375 0.417125 0.000000
v 0.333425 0.408822 0.000000
v 0.318444 0.402037 0.000000
v 0.301422 0.396766 0.000000
v 0.282347 0.393005 0.000000
v 0.261210 0.390751 0.000000
v 0.238000 0.390000 0.000000
v 0.173000 0.390000 0.000000
v 0.173000 0.302000 0.000000
v 0.291000 0.302000 0.000000
v 0.315608 0.301098 0.000000
v 0.337949 0.298454 0.000000
v 0.358047 0.294156 0.000000
v 0.375926 0.288296 0.000000
v 0.391611 0.280964 0.000000
v 0.405125 0.272250 0.000000
v 0.416494 0.262244 0.000000
v 0.425741 0.251037 0.000000
v 0.432891 0.238719 0.000000
v 0.437968 0.225380 0.000000
v 0.440996 0.211110 0.000000
v 0.442000 0.196000 0.000000
v 0.441324 0.183161 0.000000
v 0.439171 0.170292 0.000000
v 0.435359 0.157609 0.000000
v 0.429704 0.145333 0.000000
v 0.422020 0.133682 0.000000
v 0.412125 0.122875 0.000000
v 0.399834 0.113130 0.000000
v 0.384963 0.104667 0.000000
v 0.367328 0.097703 0.000000
v 0.346745 0.092458 0.000000
v 0.323031 0.089151 0.000000
v 0.296000 0.088000 0.000000
v 0.173000 0.088000 0.000000
v 0.925000 0.686000 0.000000
v 0.856000 0.686000 0.000000
v 0.563000 0.000000 0.000000
v 0.663000 0.000000 0.000000
v 0.749000 0.201000 0.000000
v 1.039000 0.201000 0.000000
v 1.130000 0.000000 0.000000
v 1.230000 0.000000 0.000000
v 0.889000 0.536000 0.000000
v 0.999000 0.289000 0.000000
v 0.787000 0.289000 0.000000
v 1.402000 0.682000 0.000000
v 1.304000 0.682000 0.000000
v 1.304000 0.000000 0.000000
v 1.710000 0.000000 0.000000
v 1.710000 0.088000 0.000000
v 1.402000 0.088000 0.000000
v 2.190000 0.341000 0.000000
v 2.188192 0.392001 0.000000
v 2.182870 0.439843 0.000000
v 2.174187 0.484281 0.000000
v 2.162296 0.525074 0.000000
v 2.147350 0.561978 0.000000
v 2.129500 0.594750 0.000000
v 2.108901 0.623147 0.000000
v 2.085704 0.646926 0.000000
v 2.060063 0.665844 0.000000
v 2.032130 0.679658 0.000000
v 2.002058 0.688124 0.000000
v 1.970000 0.691000 0.000000
v 1.937942 0.688124 0.000000
v 1.907870 0.679657 0.000000
v 1.879938 0.665844 0.000000
v 1.854296 0.646926 0.000000
v 1.831100 0.623147 0.000000
v 1.810500 0.594750 0.000000
v 1.792650 0.561978 0.000000
v 1.777704 0.525074 0.000000
v 1.765812 0.484281 0.000000
v 1.757129 0.439843 0.000000
v 1.751808 0.392001 0.000000
v 1.750000 0.341000 0.000000
v 1.751808 0.289999 0.000000
v 1.757130 0.242157 0.000000
v 1.765813 0.197719 0.000000
v 1.777704 0.156926 0.000000
v 1.792651 0.120022 0.000000
v 1.810500 0.087250 0.000000
v 1.831100 0.058853 0.000000
v 1.854296 0.035074 0.000000
v 1.879938 0.016156 0.000000
v 1.907871 0.002343 0.000000
v 1.937942 -0.006124 -0.000000
v 1.970000 -0.009000 -0.000000
v 2.002058 -0.006124 -0.000000
v 2.032130 0.002343 0.000000
v 2.060062 0.016156 0.000000
v 2.085704 0.035074 0.000000
v 2.108900 0.058853 0.000000
v 2.129500 0.087250 0.000000
v 2.147349 0.120022 0.000000
v 2.162296 0.156926 0.000000
v 2.174187 0.197719 0.000000
v 2.182870 0.242157 0.000000
v 2.188192 0.289999 0.000000
v 2.092000 0.341000 0.000000
v 2.091051 0.302332 0.000000
v 2.088241 0.266407 0.000000
v 2.083625 0.233344 0.000000
v 2.077259 0.203259 0.000000
v 2.069199 0.176272 0.000000
v 2.059500 0.152500 0.000000
v 2.048217 0.132061 0.000000
v 2.035407 0.115074 0.000000
v 2.021125 0.101656 0.000000
v 2.005425 0.091926 0.000000
v 1.988365 0.086001 0.000000
v 1.970000 0.084000 0.000000
v 1.951634 0.086001 0.000000
v 1.934574 0.091926 0.000000
v 1.918875 0.101656 0.000000
v 1.904593 0.115074 0.000000
v 1.891783 0.132061 0.000000
v 1.880500 0.152500 0.000000
v 1.870801 0.176272 0.000000
v 1.862741 0.203259 0.000000
v 1.856375 0.233344 0.000000
v 1.851759 0.266407 0.000000
v 1.848949 0.302332 0.000000
v 1.848000 0.341000 0.000000
v 1.848949 0.379668 0.000000
v 1.851759 0.415593 0.000000
v 1.856375 0.448656 0.000000
v 1.862741 0.478741 0.000000
v 1.870801 0.505728 0.000000
v 1.880500 0.529500 0.000000
v 1.891783 0.549939 0.000000
v 1.904593 0.566926 0.000000
v 1.918875 0.580344 0.000000
v 1.934574 0.590074 0.000000
v 1.951634 0.595999 0.000000
v 1.970000 0.598000 0.000000
v 1.988366 0.595999 0.000000
v 2.005426 0.590074 0.000000
v 2.021125 0.580344 0.000000
v 2.035408 0.566926 0.000000
v 2.048218 0.549939 0.000000
v 2.059500 0.529500 0.000000
v 2.069199 0.505728 0.000000
v 2.077260 0.478741 0.000000
v 2.083625 0.448656 0.000000
v 2.088241 0.415593 0.000000
v 2.091051 0.379668 0.000000
v 2.686000 0.093000 0.000000
v 2.425000 0.093000 0.000000
v 2.461102 0.136478 0.000000
v 2.493481 0.176657 0.000000
v 2.522250 0.213906 0.000000
v 2.547518 0.248593 0.000000
v 2.569398 0.281085 0.000000
v 2.588000 0.311750 0.000000
v 2.603435 0.340957 0.000000
v 2.615815 0.369074 0.000000
v 2.625250 0.396469 0.000000
v 2.631852 0.423509 0.000000
v 2.635731 0.450564 0.000000
v 2.637000 0.478000 0.000000
v 2.635257 0.508660 0.000000
v 2.630134 0.537528 0.000000
v 2.621797 0.564438 0.000000
v 2.610407 0.589222 0.000000
v 2.596129 0.611715 0.000000
v 2.579125 0.631750 0.000000
v 2.559558 0.649160 0.000000
v 2.537593 0.663778 0.000000
v 2.513391 0.675438 0.000000
v 2.487116 0.683972 0.000000
v 2.458931 0.689215 0.000000
v 2.429000 0.691000 0.000000
v 2.415329 0.690561 0.000000
v 2.401796 0.689241 0.000000
v 2.388375 0.687031 0.000000
v 2.375037 0.683926 0.000000
v 2.361754 0.679918 0.000000
v 2.348500 0.675000 0.000000
v 2.335245 0.669166 0.000000
v 2.321963 0.662407 0.000000
v 2.308625 0.654719 0.000000
v 2.295204 0.646093 0.000000
v 2.281671 0.636522 0.000000
v 2.268000 0.626000 0.000000
v 2.268000 0.503000 0.000000
v 2.281648 0.519515 0.000000
v 2.295102 0.534120 0.000000
v 2.308375 0.546906 0.000000
v 2.321482 0.557963 0.000000
v 2.334435 0.567381 0.000000
v 2.347250 0.575250 0.000000
v 2.359940 0.581661 0.000000
v 2.372519 0.586704 0.000000
v 2.385000 0.590469 0.000000
v 2.397398 0.593046 0.000000
v 2.409727 0.594527 0.000000
v 2.422000 0.595000 0.000000
v 2.438377 0.593914 0.000000
v 2.453931 0.590727 0.000000
v 2.468547 0.585547 0.000000
v 2.482111 0.578481 0.000000
v 2.494509 0.569638 0.000000
v 2.505625 0.559125 0.000000
v 2.515346 0.547049 0.000000
v 2.523556 0.533518 0.000000
v 2.530141 0.518641 0.000000
v 2.534986 0.502523 0.000000
v 2.537977 0.485274 0.000000
v 2.539000 0.467000 0.000000
v 2.538670 0.453202 0.000000
v 2.537678 0.440206 0.000000
v 2.536023 0.427861 0.000000
v 2.533704 0.416016 0.000000
v 2.530717 0.404517 0.000000
v 2.527062 0.393214 0.000000
v 2.522737 0.381954 0.000000
v 2.517740 0.370587 0.000000
v 2.512070 0.358959 0.000000
v 2.505724 0.346920 0.000000
v 2.498702 0.334318 0.000000
v 2.491000 0.321000 0.000000
v 2.475585 0.295763 0.000000
v 2.458514 0.269685 0.000000
v 2.440047 0.242969 0.000000
v 2.420444 0.215815 0.000000
v 2.399967 0.188425 0.000000
v 2.378875 0.161000 0.000000
v 2.357429 0.133742 0.000000
v 2.335889 0.106852 0.000000
v 2.314516 0.080531 0.000000
v 2.293569 0.054981 0.000000
v 2.273311 0.030404 0.000000
v 2.254000 0.007000 0.000000
v 2.254000 0.000000 0.000000
v 2.686000 0.000000 0.000000
v 2.907000 -0.009000 -0.000000
v 2.946002 0.017310 0.000000
v 2.982852 0.046977 0.000000
v 3.017312 0.079609 0.000000
v 3.049148 0.114815 0.000000
v 3.078122 0.152201 0.000000
v 3.104000 0.191375 0.000000
v 3.126544 0.231945 0.000000
v 3.145518 0.273519 0.000000
v 3.160687 0.315703 0.000000
v 3.171814 0.358107 0.000000
v 3.178664 0.400336 0.000000
v 3.181000 0.442000 0.000000
v 3.179137 0.476939 0.000000
v 3.173676 0.510097 0.000000
v 3.164812 0.541234 0.000000
v 3.152740 0.570111 0.000000
v 3.137655 0.596488 0.000000
v 3.119750 0.620125 0.000000
v 3.099220 0.640783 0.000000
v 3.076259 0.658222 0.000000
v 3.051062 0.672203 0.000000
v 3.023824 0.682486 0.000000
v 2.994738 0.688832 0.000000
v 2.964000 0.691000 0.000000
v 2.933439 0.688954 0.000000
v 2.904843 0.683051 0.000000
v 2.878344 0.673641 0.000000
v 2.854074 0.661074 0.000000
v 2.832166 0.645702 0.000000
v 2.812750 0.627875 0.000000
v 2.795960 0.607944 0.000000
v 2.781926 0.586259 0.000000
v 2.770782 0.563172 0.000000
v 2.762658 0.539032 0.000000
v 2.757687 0.514192 0.000000
v 2.756000 0.489000 0.000000
v 2.757735 0.461767 0.000000
v 2.762796 0.435718 0.000000
v 2.770969 0.411078 0.000000
v 2.782037 0.388074 0.000000
v 2.795786 0.366931 0.000000
v 2.812000 0.347875 0.000000
v 2.830464 0.331131 0.000000
v 2.850963 0.316926 0.000000
v 2.873281 0.305484 0.000000
v 2.897204 0.297032 0.000000
v 2.922515 0.291796 0.000000
v 2.949000 0.290000 0.000000
v 2.958075 0.290227 0.000000
v 2.967268 0.290898 0.000000
v 2.976531 0.292000 0.000000
v 2.985815 0.293519 0.000000
v 2.995071 0.295440 0.000000
v 3.004250 0.297750 0.000000
v 3.013304 0.300435 0.000000
v 3.022185 0.303482 0.000000
v 3.030844 0.306875 0.000000
v 3.039232 0.310602 0.000000
v 3.047300 0.314648 0.000000
v 3.055000 0.319000 0.000000
v 3.049112 0.297329 0.000000
v 3.040982 0.275384 0.000000
v 3.030656 0.253266 0.000000
v 3.018185 0.231074 0.000000
v 3.003617 0.208910 0.000000
v 2.987000 0.186875 0.000000
v 2.968383 0.165069 0.000000
v 2.947815 0.143593 0.000000
v 2.925344 0.122547 0.000000
v 2.901019 0.102032 0.000000
v 2.874888 0.082150 0.000000
v 2.847000 0.063000 0.000000
v 2.854000 0.490000 0.000000
v 2.854963 0.505359 0.000000
v 2.857783 0.519875 0.000000
v 2.862360 0.533453 0.000000
v 2.868593 0.546000 0.000000
v 2.876381 0.557422 0.000000
v 2.885625 0.567625 0.000000
v 2.896223 0.576516 0.000000
v 2.908074 0.584000 0.000000
v 2.921078 0.589984 0.000000
v 2.935134 0.594375 0.000000
v 2.950142 0.597078 0.000000
v 2.966000 0.598000 0.000000
v 2.981477 0.596840 0.000000
v 2.996320 0.593472 0.000000
v 3.010391 0.588063 0.000000
v 3.023556 0.580778 0.000000
v 3.035679 0.571785 0.000000
v 3.046625 0.561250 0.000000
v 3.056259 0.549340 0.000000
v 3.064445 0.536222 0.000000
v 3.071048 0.522062 0.000000
v 3.075931 0.507028 0.000000
v 3.078961 0.491285 0.000000
v 3.080000 0.475000 0.000000
v 3.079997 0.470805 0.000000
v 3.079977 0.466690 0.000000
v 3.079922 0.462609 0.000000
v 3.079815 0.458519 0.000000
v 3.079638 0.454372 0.000000
v 3.079375 0.450125 0.000000
v 3.079008 0.445732 0.000000
v 3.078519 0.441148 0.000000
v 3.077891 0.436328 0.000000
v 3.077106 0.431227 0.000000
v 3.076149 0.425799 0.000000
v 3.075000 0.420000 0.000000
v 3.065715 0.413810 0.000000
v 3.056389 0.408231 0.000000
v 3.047062 0.403250 0.000000
v 3.037778 0.398852 0.000000
v 3.028576 0.395023 0.000000
v 3.019500 0.391750 0.000000
v 3.010590 0.389019 0.000000
v 3.001889 0.386815 0.000000
v 2.993438 0.385125 0.000000
v 2.985278 0.383935 0.000000
v 2.977452 0.383231 0.000000
v 2.970000 0.383000 0.000000
v 2.954273 0.383979 0.000000
v 2.939185 0.386829 0.000000
v 2.924875 0.391422 0.000000
v 2.911482 0.397630 0.000000
v 2.899144 0.405324 0.000000
v 2.888000 0.414375 0.000000
v 2.878190 0.424656 0.000000
v 2.869852 0.436037 0.000000
v 2.863126 0.448391 0.000000
v 2.858149 0.461588 0.000000
v 2.855061 0.475501 0.000000
v 3.301000 0.569000 0.000000
v 3.312449 0.573982 0.000000
v 3.323343 0.578440 0.000000
v 3.333750 0.582391 0.000000
v 3.343741 0.585852 0.000000
v 3.353384 0.588841 0.000000
v 3.362750 0.591375 0.000000
v 3.371908 0.593472 0.000000
v 3.380926 0.595148 0.000000
v 3.389875 0.596422 0.000000
v 3.398824 0.597310 0.000000
v 3.407843 0.597830 0.000000
v 3.417000 0.598000 0.000000
v 3.434447 0.597196 0.000000
v 3.450741 0.594819 0.000000
v 3.465813 0.590922 0.000000
v 3.479593 0.585556 0.000000
v 3.492012 0.578773 0.000000
v 3.503000 0.570625 0.000000
v 3.512489 0.561165 0.000000
v 3.520408 0.550444 0.000000
v 3.526688 0.538516 0.000000
v 3.531260 0.525431 0.000000
v 3.534054 0.511241 0.000000
v 3.535000 0.496000 0.000000
v 3.534063 0.481028 0.000000
v 3.531250 0.467139 0.000000
v 3.526563 0.454375 0.000000
v 3.520000 0.442778 0.000000
v 3.511563 0.432389 0.000000
v 3.501250 0.423250 0.000000
v 3.489063 0.415403 0.000000
v 3.475000 0.408889 0.000000
v 3.459063 0.403750 0.000000
v 3.441250 0.400028 0.000000
v 3.421563 0.397764 0.000000
v 3.400000 0.397000 0.000000
v 3.400000 0.307000 0.000000
v 3.423249 0.307087 0.000000
v 3.444495 0.304944 0.000000
v 3.463734 0.300719 0.000000
v 3.480963 0.294556 0.000000
v 3.496178 0.286601 0.000000
v 3.509375 0.277000 0.000000
v 3.520552 0.265899 0.000000
v 3.529704 0.253444 0.000000
v 3.536828 0.239781 0.000000
v 3.541921 0.225056 0.000000
v 3.544980 0.209413 0.000000
v 3.546000 0.193000 0.000000
v 3.545115 0.176991 0.000000
v 3.542505 0.162009 0.000000
v 3.538234 0.148125 0.000000
v 3.532371 0.135407 0.000000
v 3.524979 0.123926 0.000000
v 3.516125 0.113750 0.000000
v 3.505876 0.104949 0.000000
v 3.494297 0.097593 0.000000
v 3.481453 0.091750 0.000000
v 3.467412 0.087491 0.000000
v 3.452239 0.084884 0.000000
v 3.436000 0.084000 0.000000
v 3.423499 0.084355 0.000000
v 3.410991 0.085421 0.000000
v 3.398469 0.087203 0.000000
v 3.385926 0.089704 0.000000
v 3.373355 0.092927 0.000000
v 3.360750 0.096875 0.000000
v 3.348103 0.101553 0.000000
v 3.335407 0.106963 0.000000
v 3.322656 0.113109 0.000000
v 3.309843 0.119995 0.000000
v 3.296960 0.127624 0.000000
v 3.284000 0.136000 0.000000
v 3.284000 0.030000 0.000000
v 3.296249 0.023981 0.000000
v 3.308491 0.018431 0.000000
v 3.320719 0.013359 0.000000
v 3.332926 0.008778 0.000000
v 3.345105 0.004696 0.000000
v 3.357250 0.001125 0.000000
v 3.369353 -0.001925 -0.000000
v 3.381407 -0.004444 -0.000000
v 3.393406 -0.006422 -0.000000
v 3.405343 -0.007847 -0.000000
v 3.417210 -0.008710 -0.000000
v 3.429000 -0.009000 -0.000000
v 3.459699 -0.007257 -0.000000
v 3.488676 -0.002139 -0.000000
v 3.515750 0.006188 0.000000
v 3.540741 0.017556 0.000000
v 3.563468 0.031799 0.000000
v 3.583750 0.048750 0.000000
v 3.601408 0.068243 0.000000
v 3.616260 0.090111 0.000000
v 3.628125 0.114188 0.000000
v 3.636825 0.140306 0.000000
v 3.642176 0.168299 0.000000
v 3.644000 0.198000 0.000000
v 3.643370 0.215491 0.000000
v 3.641463 0.232847 0.000000
v 3.638250 0.249891 0.000000
v 3.633704 0.266444 0.000000
v 3.627796 0.282332 0.000000
v 3.620500 0.297375 0.000000
v 3.611787 0.311398 0.000000
v 3.601630 0.324222 0.000000
v 3.590000 0.335672 0.000000
v 3.576870 0.345569 0.000000
v 3.562213 0.353738 0.000000
v 3.546000 0.360000 0.000000
v 3.560736 0.368701 0.000000
v 3.573972 0.377861 0.000000
v 3.585750 0.387563 0.000000
v 3.596111 0.397889 0.000000
v 3.605098 0.408924 0.000000
v 3.612750 0.420750 0.000000
v 3.619111 0.433451 0.000000
v 3.624223 0.447111 0.000000
v 3.628125 0.461813 0.000000
v 3.630861 0.477639 0.000000
v 3.632472 0.494674 0.000000
v 3.633000 0.513000 0.000000
v 3.631375 0.539190 0.000000
v 3.626583 0.563685 0.000000
v 3.618750 0.586375 0.000000
v 3.608000 0.607148 0.000000
v 3.594458 0.625894 0.000000
v 3.578250 0.642500 0.000000
v 3.559500 0.656857 0.000000
v 3.538333 0.668852 0.000000
v 3.514875 0.678375 0.000000
v 3.489250 0.685315 0.000000
v 3.461584 0.689560 0.000000
v 3.432000 0.691000 0.000000
v 3.419492 0.690811 0.000000
v 3.407435 0.690241 0.000000
v 3.395781 0.689281 0.000000
v 3.384481 0.687926 0.000000
v 3.373487 0.686168 0.000000
v 3.362750 0.684000 0.000000
v 3.352221 0.681415 0.000000
v 3.341852 0.678407 0.000000
v 3.331594 0.674969 0.000000
v 3.321398 0.671093 0.000000
v 3.311216 0.666772 0.000000
v 3.301000 0.662000 0.000000
v 0.075000 0.000000 0.000000
v 0.309000 0.000000 0.000000
v 0.349526 0.001977 0.000000
v 0.385708 0.007648 0.000000
v 0.417703 0.016625 0.000000
v 0.445667 0.028519 0.000000
v 0.469755 0.042940 0.000000
v 0.490125 0.059500 0.000000
v 0.506932 0.077810 0.000000
v 0.520333 0.097481 0.000000
v 0.530484 0.118125 0.000000
v 0.537542 0.139352 0.000000
v 0.541662 0.160773 0.000000
v 0.543000 0.182000 0.000000
v 0.541721 0.204466 0.000000
v 0.537935 0.225810 0.000000
v 0.531719 0.245953 0.000000
v 0.523148 0.264815 0.000000
v 0.512300 0.282315 0.000000
v 0.499250 0.298375 0.000000
v 0.484075 0.312914 0.000000
v 0.466852 0.325852 0.000000
v 0.447656 0.337109 0.000000
v 0.426565 0.346606 0.000000
v 0.403654 0.354263 0.000000
v 0.379000 0.360000 0.000000
v 0.379000 0.362000 0.000000
v 0.395961 0.369609 0.000000
v 0.411356 0.377954 0.000000
v 0.425203 0.387063 0.000000
v 0.437519 0.396963 0.000000
v 0.448320 0.407683 0.000000
v 0.457625 0.419250 0.000000
v 0.465451 0.431692 0.000000
v 0.471815 0.445037 0.000000
v 0.476734 0.459312 0.000000
v 0.480227 0.474546 0.000000
v 0.482310 0.490766 0.000000
v 0.483000 0.508000 0.000000
v 0.481675 0.529490 0.000000
v 0.477653 0.550750 0.000000
v 0.470859 0.571469 0.000000
v 0.461222 0.591333 0.000000
v 0.448668 0.610031 0.000000
v 0.433125 0.627250 0.000000
v 0.414519 0.642677 0.000000
v 0.392778 0.656000 0.000000
v 0.367828 0.666906 0.000000
v 0.339597 0.675083 0.000000
v 0.308012 0.680219 0.000000
v 0.273000 0.682000 0.000000
v 0.075000 0.682000 0.000000
v 0.173000 0.594000 0.000000
v 0.263000 0.594000 0.000000
v 0.284248 0.593105 0.000000
v 0.303065 0.590505 0.000000
v 0.319563 0.586328 0.000000
v 0.333852 0.580704 0.000000
v 0.346044 0.573760 0.000000
v 0.356250 0.565625 0.000000
v 0.364581 0.556428 0.000000
v 0.371148 0.546296 0.000000
v 0.376063 0.535359 0.000000
v 0.379435 0.523745 0.000000
v 0.381377 0.511583 0.000000
v 0.382000 0.499000 0.000000
v 0.381019 0.481520 0.000000
v 0.378069 0.465579 0.000000
v 0.373141 0.451172 0.000000
v 0.366222 0.438296 0.000000
v 0.357304 0.426948 0.000000
v 0.346375 0.417125 0.000000
v 0.333425 0.408822 0.000000
v 0.318444 0.402037 0.000000
v 0.301422 0.396766 0.000000
v 0.282347 0.393005 0.000000
v 0.261210 0.390751 0.000000
v 0.238000 0.390000 0.000000
v 0.173000 0.390000 0.000000
v 0.173000 0.302000 0.000000
v 0.291000 0.302000 0.000000
v 0.315608 0.301098 0.000000
v 0.337949 0.298454 0.000000
v 0.358047 0.294156 0.000000
v 0.375926 0.288296 0.000000
v 0.391611 0.280964 0.000000
v 0.405125 0.272250 0.000000
v 0.416494 0.262244 0.000000
v 0.425741 0.251037 0.000000
v 0.432891 0.238719 0.000000
v 0.437968 0.225380 0.000000
v 0.440996 0.211110 0.000000
v 0.442000 0.196000 0.000000
v 0.441324 0.183161 0.000000
v 0.439171 0.170292 0.000000
v 0.435359 0.157609 0.000000
v 0.429704 0.145333 0.000000
v 0.422020 0.133682 0.000000
v 0.412125 0.122875 0.000000
v 0.399834 0.113130 0.000000
v 0.384963 0.104667 0.000000
v 0.367328 0.097703 0.000000
v 0.346745 0.092458 0.000000
v 0.323031 0.089151 0.000000
v 0.296000 0.088000 0.000000
v 0.173000 0.088000 0.000000
v 0.925000 0.686000 0.000000
v 0.856000 0.686000 0.000000
v 0.563000 0.000000 0.000000
v 0.663000 0.000000 0.000000
v 0.749000 0.201000 0.000000
v 1.039000 0.201000 0.000000
v 1.130000 0.000000 0.000000
v 1.230000 0.000000 0.000000
v 0.889000 0.536000 0.000000
v 0.999000 0.289000 0.000000
v 0.787000 0.289000 0.000000
v 1.402000 0.682000 0.000000
v 1.304000 0.682000 0.000000
v 1.304000 0.000000 0.000000
v 1.710000 0.000000 0.000000
v 1.710000 0.088000 0.000000
v 1.402000 0.088000 0.000000
v 2.190000 0.341000 0.000000
v 2.188192 0.392001 0.000000
v 2.182870 0.439843 0.000000
v 2.174187 0.484281 0.000000
v 2.162296 0.525074 0.000000
v 2.147350 0.561978 0.000000
v 2.129500 0.594750 0.000000
v 2.108901 0.623147 0.000000
v 2.085704 0.646926 0.000000
v 2.060063 0.665844 0.000000
v 2.032130 0.679658 0.000000
v 2.002058 0.688124 0.000000
v 1.970000 0.691000 0.000000
v 1.937942 0.688124 0.000000
v 1.907870 0.679657 0.000000
v 1.879938 0.665844 0.000000
v 1.854296 0.646926 0.000000
v 1.831100 0.623147 0.000000
v 1.810500 0.594750 0.000000
v 1.792650 0.561978 0.000000
v 1.777704 0.525074 0.000000
v 1.765812 0.484281 0.000000
v 1.757129 0.439843 0.000000
v 1.751808 0.392001 0.000000
v 1.750000 0.341000 0.000000
v 1.751808 0.289999 0.000000
v 1.757130 0.242157 0.000000
v 1.765813 0.197719 0.000000
v 1.777704 0.156926 0.000000
v 1.792651 0.120022 0.000000
v 1.810500 0.087250 0.000000
v 1.831100 0.058853 0.000000
v 1.854296 0.035074 0.000000
v 1.879938 0.016156 0.000000
v 1.907871 0.002343 0.000000
v 1.937942 -0.006124 -0.000000
v 1.970000 -0.009000 -0.000000
v 2.002058 -0.006124 -0.000000
v 2.032130 0.002343 0.000000
v 2.060062 0.016156 0.000000
v 2.085704 0.035074 0.000000
v 2.108900 0.058853 0.000000
v 2.129500 0.087250 0.000000
v 2.147349 0.120022 0.000000
v 2.162296 0.156926 0.000000
v 2.174187 0.197719 0.000000
v 2.182870 0.242157 0.000000
v 2.188192 0.289999 0.000000
v 2.092000 0.341000 0.000000
v 2.091051 0.302332 0.000000
v 2.088241 0.266407 0.000000
v 2.083625 0.233344 0.000000
v 2.077259 0.203259 0.000000
v 2.069199 0.176272 0.000000
v 2.059500 0.152500 0.000000
v 2.048217 0.132061 0.000000
v 2.035407 0.115074 0.000000
v 2.021125 0.101656 0.000000
v 2.005425 0.091926 0.000000
v 1.988365 0.086001 0.000000
v 1.970000 0.084000 0.000000
v 1.951634 0.086001 0.000000
v 1.934574 0.091926 0.000000
v 1.918875 0.101656 0.000000
v 1.904593 0.115074 0.000000
v 1.891783 0.132061 0.000000
v 1.880500 0.152500 0.000000
v 1.870801 0.176272 0.000000
v 1.862741 0.203259 0.000000
v 1.856375 0.233344 0.000000
v 1.851759 0.266407 0.000000
v 1.848949 0.302332 0.000000
v 1.848000 0.341000 0.000000
v 1.848949 0.379668 0.000000
v 1.851759 0.415593 0.000000
v 1.856375 0.448656 0.000000
v 1.862741 0.478741 0.000000
v 1.870801 0.505728 0.000000
v 1.880500 0.529500 0.000000
v 1.891783 0.549939 0.000000
v 1.904593 0.566926 0.000000
v 1.918875 0.580344 0.000000
v 1.934574 0.590074 0.000000
v 1.951634 0.595999 0.000000
v 1.970000 0.598000 0.000000
v 1.988366 0.595999 0.000000
v 2.005426 0.590074 0.000000
v 2.021125 0.580344 0.000000
v 2.035408 0.566926 0.000000
v 2.048218 0.549939 0.000000
v 2.059500 0.529500 0.000000
v 2.069199 0.505728 0.000000
v 2.077260 0.478741 0.000000
v 2.083625 0.448656 0.000000
v 2.088241 0.415593 0.000000
v 2.091051 0.379668 0.000000
v 2.686000 0.093000 0.000000
v 2.425000 0.093000 0.000000
v 2.461102 0.136478 0.000000
v 2.493481 0.176657 0.000000
v 2.522250 0.213906 0.000000
v 2.547518 0.248593 0.000000
v 2.569398 0.281085 0.000000
v 2.588000 0.311750 0.000000
v 2.603435 0.340957 0.000000
v 2.615815 0.369074 0.000000
v 2.625250 0.396469 0.000000
v 2.631852 0.423509 0.000000
v 2.635731 0.450564 0.000000
v 2.637000 0.478000 0.000000
v 2.635257 0.508660 0.000000
v 2.630134 0.537528 0.000000
v 2.621797 0.564438 0.000000
v 2.610407 0.589222 0.000000
v 2.596129 0.611715 0.000000
v 2.579125 0.631750 0.000000
v 2.559558 0.649160 0.000000
v 2.537593 0.663778 0.000000
v 2.513391 0.675438 0.000000
v 2.487116 0.683972 0.000000
v 2.458931 0.689215 0.000000
v 2.429000 0.691000 0.000000
v 2.415329 0.690561 0.000000
v 2.401796 0.689241 0.000000
v 2.388375 0.687031 0.000000
v 2.375037 0.683926 0.000000
v 2.361754 0.679918 0.000000
v 2.348500 0.675000 0.000000
v 2.335245 0.669166 0.000000
v 2.321963 0.662407 0.000000
v 2.308625 0.654719 0.000000
v 2.295204 0.646093 0.000000
v 2.281671 0.636522 0.000000
v 2.268000 0.626000 0.000000
v 2.268000 0.503000 0.000000
v 2.281648 0.519515 0.000000
v 2.295102 0.534120 0.000000
v 2.308375 0.546906 0.000000
v 2.321482 0.557963 0.000000
v 2.334435 0.567381 0.000000
v 2.347250 0.575250 0.000000
v 2.359940 0.581661 0.000000
v 2.372519 0.586704 0.000000
v 2.385000 0.590469 0.000000
v 2.397398 0.593046 0.000000
v 2.409727 0.594527 0.000000
v 2.422000 0.595000 0.000000
v 2.438377 0.593914 0.000000
v 2.453931 0.590727 0.000000
v 2.468547 0.585547 0.000000
v 2.482111 0.578481 0.000000
v 2.494509 0.569638 0.000000
v 2.505625 0.559125 0.000000
v 2.515346 0.547049 0.000000
v 2.523556 0.533518 0.000000
v 2.530141 0.518641 0.000000
v 2.534986 0.502523 0.000000
v 2.537977 0.485274 0.000000
v 2.539000 0.467000 0.000000
v 2.538670 0.453202 0.000000
v 2.537678 0.440206 0.000000
v 2.536023 0.427861 0.000000
v 2.533704 0.416016 0.000000
v 2.530717 0.404517 0.000000
v 2.527062 0.393214 0.000000
v 2.522737 0.381954 0.000000
v 2.517740 0.370587 0.000000
v 2.512070 0.358959 0.000000
v 2.505724 0.346920 0.000000
v 2.498702 0.334318 0.000000
v 2.491000 0.321000 0.000000
v 2.475585 0.295763 0.000000
v 2.458514 0.269685 0.000000
v 2.440047 0.242969 0.000000
v 2.420444 0.215815 0.000000
v 2.399967 0.188425 0.000000
v 2.378875 0.161000 0.000000
v 2.357429 0.133742 0.000000
v 2.335889 0.106852 0.000000
v 2.314516 0.080531 0.000000
v 2.293569 0.054981 0.000000
v 2.273311 0.030404 0.000000
v 2.254000 0.007000 0.000000
v 2.254000 0.000000 0.000000
v 2.686000 0.000000 0.000000
v 2.907000 -0.009000 -0.000000
v 2.946002 0.017310 0.000000
v 2.982852 0.046977 0.000000
v 3.017312 0.079609 0.000000
v 3.049148 0.114815 0.000000
v 3.078122 0.152201 0.000000
v 3.104000 0.191375 0.000000
v 3.126544 0.231945 0.000000
v 3.145518 0.273519 0.000000
v 3.160687 0.315703 0.000000
v 3.171814 0.358107 0.000000
v 3.178664 0.400336 0.000000
v 3.181000 0.442000 0.000000
v 3.179137 0.476939 0.000000
v 3.173676 0.510097 0.000000
v 3.164812 0.541234 0.000000
v 3.152740 0.570111 0.000000
v 3.137655 0.596488 0.000000
v 3.119750 0.620125 0.000000
v 3.099220 0.640783 0.000000
v 3.076259 0.658222 0.000000
v 3.051062 0.672203 0.000000
v 3.023824 0.682486 0.000000
v 2.994738 0.688832 0.000000
v 2.964000 0.691000 0.000000
v 2.933439 0.688954 0.000000
v 2.904843 0.683051 0.000000
v 2.878344 0.673641 0.000000
v 2.854074 0.661074 0.000000
v 2.832166 0.645702 0.000000
v 2.812750 0.627875 0.000000
v 2.795960 0.607944 0.000000
v 2.781926 0.586259 0.000000
v 2.770782 0.563172 0.000000
v 2.762658 0.539032 0.000000
v 2.757687 0.514192 0.000000
v 2.756000 0.489000 0.000000
v 2.757735 0.461767 0.000000
v 2.762796 0.435718 0.000000
v 2.770969 0.411078 0.000000
v 2.782037 0.388074 0.000000
v 2.795786 0.366931 0.000000
v 2.812000 0.347875 0.000000
v 2.830464 0.331131 0.000000
v 2.850963 0.316926 0.000000
v 2.873281 0.305484 0.000000
v 2.897204 0.297032 0.000000
v 2.922515 0.291796 0.000000
v 2.949000 0.290000 0.000000
v 2.958075 0.290227 0.000000
v 2.967268 0.290898 0.000000
v 2.976531 0.292000 0.000000
v 2.985815 0.293519 0.000000
v 2.995071 0.295440 0.000000
v 3.004250 0.297750 0.000000
v 3.013304 0.300435 0.000000
v 3.022185 0.303482 0.000000
v 3.030844 0.306875 0.000000
v 3.039232 0.310602 0.000000
v 3.047300 0.314648 0.000000
v 3.055000 0.319000 0.000000
v 3.049112 0.297329 0.000000
v 3.040982 0.275384 0.000000
v 3.030656 0.253266 0.000000
v 3.018185 0.231074 0.000000
v 3.003617 0.208910 0.000000
v 2.987000 0.186875 0.000000
v 2.968383 0.165069 0.000000
v 2.947815 0.143593 0.000000
v 2.925344 0.122547 0.000000
v 2.901019 0.102032 0.000000
v 2.874888 0.082150 0.000000
v 2.847000 0.063000 0.000000
v 2.854000 0.490000 0.000000
v 2.854963 0.505359 0.000000
v 2.857783 0.519875 0.000000
v 2.862360 0.533453 0.000000
v 2.868593 0.546000 0.000000
v 2.876381 0.557422 0.000000
v 2.885625 0.567625 0.000000
v 2.896223 0.576516 0.000000
v 2.908074 0.584000 0.000000
v 2.921078 0.589984 0.000000
v 2.935134 0.594375 0.000000
v 2.950142 0.597078 0.000000
v 2.966000 0.598000 0.000000
v 2.981477 0.596840 0.000000
v 2.996320 0.593472 0.000000
v 3.010391 0.588063 0.000000
v 3.023556 0.580778 0.000000
v 3.035679 0.571785 0.000000
v 3.046625 0.561250 0.000000
v 3.056259 0.549340 0.000000
v 3.064445 0.536222 0.000000
v 3.071048 0.522062 0.000000
v 3.075931 0.507028 0.000000
v 3.078961 0.491285 0.000000
v 3.080000 0.475000 0.000000
v 3.079997 0.470805 0.000000
v 3.079977 0.466690 0.000000
v 3.079922 0.462609 0.000000
v 3.079815 0.458519 0.000000
v 3.079638 0.454372 0.000000
v 3.079375 0.450125 0.000000
v 3.079008 0.445732 0.000000
v 3.078519 0.441148 0.000000
v 3.077891 0.436328 0.000000
v 3.077106 0.431227 0.000000
v 3.076149 0.425799 0.000000
v 3.075000 0.420000 0.000000
v 3.065715 0.413810 0.000000
v 3.056389 0.408231 0.000000
v 3.047062 0.403250 0.000000
v 3.037778 0.398852 0.000000
v 3.028576 0.395023 0.000000
v 3.019500 0.391750 0.000000
v 3.010590 0.389019 0.000000
v 3.001889 0.386815 0.000000
v 2.993438 0.385125 0.000000
v 2.985278 0.383935 0.000000
v 2.977452 0.383231 0.000000
v 2.970000 0.383000 0.000000
v 2.954273 0.383979 0.000000
v 2.939185 0.386829 0.000000
v 2.924875 0.391422 0.000000
v 2.911482 0.397630 0.000000
v 2.899144 0.405324 0.000000
v 2.888000 0.414375 0.000000
v 2.878190 0.424656 0.000000
v 2.869852 0.436037 0.000000
v 2.863126 0.448391 0.000000
v 2.858149 0.461588 0.000000
v 2.855061 0.475501 0.000000
v 3.301000 0.569000 -0.092953
v 3.312449 0.573982 -0.092953
v 3.323343 0.578440 -0.092953
v 3.333750 0.582391 -0.092953
v 3.343741 0.585852 -0.092953
v 3.353384 0.588841 -0.092953
v 3.362750 0.591375 -0.092953
v 3.371908 0.593472 -0.092953
v 3.380926 0.595148 -0.092953
v 3.389875 0.596422 -0.092953
v 3.398824 0.597310 -0.092953
v 3.407843 0.597830 -0.092953
v 3.417000 0.598000 -0.092953
v 3.434447 0.597196 -0.092953
v 3.450741 0.594819 -0.092953
v 3.465813 0.590922 -0.092953
v 3.479593 0.585556 -0.092953
v 3.492012 0.578773 -0.092953
v 3.503000 0.570625 -0.092953
v 3.512489 0.561165 -0.092953
v 3.520408 0.550444 -0.092953
v 3.526688 0.538516 -0.092953
v 3.531260 0.525431 -0.092953
v 3.534054 0.511241 -0.092953
v 3.535000 0.496000 -0.092953
v 3.534063 0.481028 -0.092953
v 3.531250 0.467139 -0.092953
v 3.526563 0.454375 -0.092953
v 3.520000 0.442778 -0.092953
v 3.511563 0.432389 -0.092953
v 3.501250 0.423250 -0.092953
v 3.489063 0.415403 -0.092953
v 3.475000 0.408889 -0.092953
v 3.459063 0.403750 -0.092953
v 3.441250 0.400028 -0.092953
v 3.421563 0.397764 -0.092953
v 3.400000 0.397000 -0.092953
v 3.400000 0.307000 -0.092953
v 3.423249 0.307087 -0.092953
v 3.444495 0.304944 -0.092953
v 3.463734 0.300719 -0.092953
v 3.480963 0.294556 -0.092953
v 3.496178 0.286601 -0.092953
v 3.509375 0.277000 -0.092953
v 3.520552 0.265899 -0.092953
v 3.529704 0.253444 -0.092953
v 3.536828 0.239781 -0.092953
v 3.541921 0.225056 -0.092953
v 3.544980 0.209413 -0.092953
v 3.546000 0.193000 -0.092953
v 3.545115 0.176991 -0.092953
v 3.542505 0.162009 -0.092953
v 3.538234 0.148125 -0.092953
v 3.532371 0.135407 -0.092953
v 3.524979 0.123926 -0.092953
v 3.516125 0.113750 -0.092953
v 3.505876 0.104949 -0.092953
v 3.494297 0.097593 -0.092953
v 3.481453 0.091750 -0.092953
v 3.467412 0.087491 -0.092953
v 3.452239 0.084884 -0.092953
v 3.436000 0.084000 -0.092953
v 3.423499 0.084355 -0.092953
v 3.410991 0.085421 -0.092953
v 3.398469 0.087203 -0.092953
v 3.385926 0.089704 -0.092953
v 3.373355 0.092927 -0.092953
v 3.360750 0.096875 -0.092953
v 3.348103 0.101553 -0.092953
v 3.335407 0.106963 -0.092953
v 3.322656 0.113109 -0.092953
v 3.309843 0.119995 -0.092953
v 3.296960 0.127624 -0.092953
v 3.284000 0.136000 -0.092953
v 3.284000 0.030000 -0.092953
v 3.296249 0.023981 -0.092953
v 3.308491 0.018431 -0.092953
v 3.320719 0.013359 -0.092953
v 3.332926 0.008778 -0.092953
v 3.345105 0.004696 -0.092953
v 3.357250 0.001125 -0.092953
v 3.369353 -0.001925 -0.092953
v 3.381407 -0.004444 -0.092953
v 3.393406 -0.006422 -0.092953
v 3.405343 -0.007847 -0.092953
v 3.417210 -0.008710 -0.092953
v 3.429000 -0.009000 -0.092953
v 3.459699 -0.007257 -0.092953
v 3.488676 -0.002139 -0.092953
v 3.515750 0.006188 -0.092953
v 3.540741 0.017556 -0.092953
v 3.563468 0.031799 -0.092953
v 3.583750 0.048750 -0.092953
v 3.601408 0.068243 -0.092953
v 3.616260 0.090111 -0.092953
v 3.628125 0.114188 -0.092953
v 3.636825 0.140306 -0.092953
v 3.642176 0.168299 -0.092953
v 3.644000 0.198000 -0.092953
v 3.643370 0.215491 -0.092953
v 3.641463 0.232847 -0.092953
v 3.638250 0.249891 -0.092953
v 3.633704 0.266444 -0.092953
v 3.627796 0.282332 -0.092953
v 3.620500 0.297375 -0.092953
v 3.611787 0.311398 -0.092953
v 3.601630 0.324222 -0.092953
v 3.590000 0.335672 -0.092953
v 3.576870 0.345569 -0.092953
v 3.562213 0.353738 -0.092953
v 3.546000 0.360000 -0.092953
v 3.560736 0.368701 -0.092953
v 3.573972 0.377861 -0.092953
v 3.585750 0.387563 -0.092953
v 3.596111 0.397889 -0.092953
v 3.605098 0.408924 -0.092953
v 3.612750 0.420750 -0.092953
v 3.619111 0.433451 -0.092953
v 3.624223 0.447111 -0.092953
v 3.628125 0.461813 -0.092953
v 3.630861 0.477639 -0.092953
v 3.632472 0.494674 -0.092953
v 3.633000 0.513000 -0.092953
v 3.631375 0.539190 -0.092953
v 3.626583 0.563685 -0.092953
v 3.618750 0.586375 -0.092953
v 3.608000 0.607148 -0.092953
v 3.594458 0.625894 -0.092953
v 3.578250 0.642500 -0.092953
v 3.559500 0.656857 -0.092953
v 3.538333 0.668852 -0.092953
v 3.514875 0.678375 -0.092953
v 3.489250 0.685315 -0.092953
v 3.461584 0.689560 -0.092953
v 3.432000 0.691000 -0.092953
v 3.419492 0.690811 -0.092953
v 3.407435 0.690241 -0.092953
v 3.395781 0.689281 -0.092953
v 3.384481 0.687926 -0.092953
v 3.373487 0.686168 -0.092953
v 3.362750 0.684000 -0.092953
v 3.352221 0.681415 -0.092953
v 3.341852 0.678407 -0.092953
v 3.331594 0.674969 -0.092953
v 3.321398 0.671093 -0.092953
v 3.311216 0.666772 -0.092953
v 3.301000 0.662000 -0.092953
v 0.075000 0.000000 -0.092953
v 0.309000 0.000000 -0.092953
v 0.349526 0.001977 -0.092953
v 0.385708 0.007648 -0.092953
v 0.417703 0.016625 -0.092953
v 0.445667 0.028519 -0.092953
v 0.469755 0.042940 -0.092953
v 0.490125 0.059500 -0.092953
v 0.506932 0.077810 -0.092953
v 0.520333 0.097481 -0.092953
v 0.530484 0.118125 -0.092953
v 0.537542 0.139352 -0.092953
v 0.541662 0.160773 -0.092953
v 0.543000 0.182000 -0.092953
v 0.541721 0.204466 -0.092953
v 0.537935 0.225810 -0.092953
v 0.531719 0.245953 -0.092953
v 0.523148 0.264815 -0.092953
v 0.512300 0.282315 -0.092953
v 0.499250 0.298375 -0.092953
v 0.484075 0.312914 -0.092953
v 0.466852 0.325852 -0.092953
v 0.447656 0.337109 -0.092953
v 0.426565 0.346606 -0.092953
v 0.403654 0.354263 -0.092953
v 0.379000 0.360000 -0.092953
v 0.379000 0.362000 -0.092953
v 0.395961 0.369609 -0.092953
v 0.411356 0.377954 -0.092953
v 0.425203 0.387063 -0.092953
v 0.437519 0.396963 -0.092953
v 0.448320 0.407683 -0.092953
v 0.457625 0.419250 -0.092953
v 0.465451 0.431692 -0.092953
v 0.471815 0.445037 -0.092953
v 0.476734 0.459312 -0.092953
v 0.480227 0.474546 -0.092953
v 0.482310 0.490766 -0.092953
v 0.483000 0.508000 -0.092953
v 0.481675 0.529490 -0.092953
v 0.477653 0.550750 -0.092953
v 0.470859 0.571469 -0.092953
v 0.461222 0.591333 -0.092953
v 0.448668 0.610031 -0.092953
v 0.433125 0.627250 -0.092953
v 0.414519 0.642677 -0.092953
v 0.392778 0.656000 -0.092953
v 0.367828 0.666906 -0.092953
v 0.339597 0.675083 -0.092953
v 0.308012 0.680219 -0.092953
v 0.273000 0.682000 -0.092953
v 0.075000 0.682000 -0.092953
v 0.173000 0.594000 -0.092953
v 0.263000 0.594000 -0.092953
v 0.284248 0.593105 -0.092953
v 0.303065 0.590505 -0.092953
v 0.319563 0.586328 -0.092953
v 0.333852 0.580704 -0.092953
v 0.346044 0.573760 -0.092953
v 0.356250 0.565625 -0.092953
v 0.364581 0.556428 -0.092953
v 0.371148 0.546296 -0.092953
v 0.376063 0.535359 -0.092953
v 0.379435 0.523745 -0.092953
v 0.381377 0.511583 -0.092953
v 0.382000 0.499000 -0.092953
v 0.381019 0.481520 -0.092953
v 0.378069 0.465579 -0.092953
v 0.373141 0.451172 -0.092953
v 0.366222 0.438296 -0.092953
v 0.357304 0.426948 -0.092953
v 0.346375 0.417125 -0.092953
v 0.333425 0.408822 -0.092953
v 0.318444 0.402037 -0.092953
v 0.301422 0.396766 -0.092953
v 0.282347 0.393005 -0.092953
v 0.261210 0.390751 -0.092953
v 0.238000 0.390000 -0.092953
v 0.173000 0.390000 -0.092953
v 0.173000 0.302000 -0.092953
v 0.291000 0.302000 -0.092953
v 0.315608 0.301098 -0.092953
v 0.337949 0.298454 -0.092953
v 0.358047 0.294156 -0.092953
v 0.375926 0.288296 -0.092953
v 0.391611 0.280964 -0.092953
v 0.405125 0.272250 -0.092953
v 0.416494 0.262244 -0.092953
v 0.425741 0.251037 -0.092953
v 0.432891 0.238719 -0.092953
v 0.437968 0.225380 -0.092953
v 0.440996 0.211110 -0.092953
v 0.442000 0.196000 -0.092953
v 0.441324 0.183161 -0.092953
v 0.439171 0.170292 -0.092953
v 0.435359 0.157609 -0.092953
v 0.429704 0.145333 -0.092953
v 0.422020 0.133682 -0.092953
v 0.412125 0.122875 -0.092953
v 0.399834 0.113130 -0.092953
v 0.384963 0.104667 -0.092953
v 0.367328 0.097703 -0.092953
v 0.346745 0.092458 -0.092953
v 0.323031 0.089151 -0.092953
v 0.296000 0.088000 -0.092953
v 0.173000 0.088000 -0.092953
v 0.925000 0.686000 -0.092953
v 0.856000 0.686000 -0.092953
v 0.563000 0.000000 -0.092953
v 0.663000 0.000000 -0.092953
v 0.749000 0.201000 -0.092953
v 1.039000 0.201000 -0.092953
v 1.130000 0.000000 -0.092953
v 1.230000 0.000000 -0.092953
v 0.889000 0.536000 -0.092953
v 0.999000 0.289000 -0.092953
v 0.787000 0.289000 -0.092953
v 1.402000 0.682000 -0.092953
v 1.304000 0.682000 -0.092953
v 1.304000 0.000000 -0.092953
v 1.710000 0.000000 -0.092953
v 1.710000 0.088000 -0.092953
v 1.402000 0.088000 -0.092953
v 2.190000 0.341000 -0.092953
v 2.188192 0.392001 -0.092953
v 2.182870 0.439843 -0.092953
v 2.174187 0.484281 -0.092953
v 2.162296 0.525074 -0.092953
v 2.147350 0.561978 -0.092953
v 2.129500 0.594750 -0.092953
v 2.108901 0.623147 -0.092953
v 2.085704 0.646926 -0.092953
v 2.060063 0.665844 -0.092953
v 2.032130 0.679658 -0.092953
v 2.002058 0.688124 -0.092953
v 1.970000 0.691000 -0.092953
v 1.937942 0.688124 -0.092953
v 1.907870 0.679657 -0.092953
v 1.879938 0.665844 -0.092953
v 1.854296 0.646926 -0.092953
v 1.831100 0.623147 -0.092953
v 1.810500 0.594750 -0.092953
v 1.792650 0.561978 -0.092953
v 1.777704 0.525074 -0.092953
v 1.765812 0.484281 -0.092953
v 1.757129 0.439843 -0.092953
v 1.751808 0.392001 -0.092953
v 1.750000 0.341000 -0.092953
v 1.751808 0.289999 -0.092953
v 1.757130 0.242157 -0.092953
v 1.765813 0.197719 -0.092953
v 1.777704 0.156926 -0.092953
v 1.792651 0.120022 -0.092953
v 1.810500 0.087250 -0.092953
v 1.831100 0.058853 -0.092953
v 1.854296 0.035074 -0.092953
v 1.879938 0.016156 -0.092953
v 1.907871 0.002343 -0.092953
v 1.937942 -0.006124 -0.092953
v 1.970000 -0.009000 -0.092953
v 2.002058 -0.006124 -0.092953
v 2.032130 0.002343 -0.092953
v 2.060062 0.016156 -0.092953
v 2.085704 0.035074 -0.092953
v 2.108900 0.058853 -0.092953
v 2.129500 0.087250 -0.092953
v 2.147349 0.120022 -0.092953
v 2.162296 0.156926 -0.092953
v 2.174187 0.197719 -0.092953
v 2.182870 0.242157 -0.092953
v 2.188192 0.289999 -0.092953
v 2.092000 0.341000 -0.092953
v 2.091051 0.302332 -0.092953
v 2.088241 0.266407 -0.092953
v 2.083625 0.233344 -0.092953
v 2.077259 0.203259 -0.092953
v 2.069199 0.176272 -0.092953
v 2.059500 0.152500 -0.092953
v 2.048217 0.132061 -0.092953
v 2.035407 0.115074 -0.092953
v 2.021125 0.101656 -0.092953
v 2.005425 0.091926 -0.092953
v 1.988365 0.086001 -0.092953
v 1.970000 0.084000 -0.092953
v 1.951634 0.086001 -0.092953
v 1.934574 0.091926 -0.092953
v 1.918875 0.101656 -0.092953
v 1.904593 0.115074 -0.092953
v 1.891783 0.132061 -0.092953
v 1.880500 0.152500 -0.092953
v 1.870801 0.176272 -0.092953
v 1.862741 0.203259 -0.092953
v 1.856375 0.233344 -0.092953
v 1.851759 0.266407 -0.092953
v 1.848949 0.302332 -0.092953
v 1.848000 0.341000 -0.092953
v 1.848949 0.379668 -0.092953
v 1.851759 0.415593 -0.092953
v 1.856375 0.448656 -0.092953
v 1.862741 0.478741 -0.092953
v 1.870801 0.505728 -0.092953
v 1.880500 0.529500 -0.092953
v 1.891783 0.549939 -0.092953
v 1.904593 0.566926 -0.092953
v 1.918875 0.580344 -0.092953
v 1.934574 0.590074 -0.092953
v 1.951634 0.595999 -0.092953
v 1.970000 0.598000 -0.092953
v 1.988366 0.595999 -0.092953
v 2.005426 0.590074 -0.092953
v 2.021125 0.580344 -0.092953
v 2.035408 0.566926 -0.092953
v 2.048218 0.549939 -0.092953
v 2.059500 0.529500 -0.092953
v 2.069199 0.505728 -0.092953
v 2.077260 0.478741 -0.092953
v 2.083625 0.448656 -0.092953
v 2.088241 0.415593 -0.092953
v 2.091051 0.379668 -0.092953
v 2.686000 0.093000 -0.092953
v 2.425000 0.093000 -0.092953
v 2.461102 0.136478 -0.092953
v 2.493481 0.176657 -0.092953
v 2.522250 0.213906 -0.092953
v 2.547518 0.248593 -0.092953
v 2.569398 0.281085 -0.092953
v 2.588000 0.311750 -0.092953
v 2.603435 0.340957 -0.092953
v 2.615815 0.369074 -0.092953
v 2.625250 0.396469 -0.092953
v 2.631852 0.423509 -0.092953
v 2.635731 0.450564 -0.092953
v 2.637000 0.478000 -0.092953
v 2.635257 0.508660 -0.092953
v 2.630134 0.537528 -0.092953
v 2.621797 0.564438 -0.092953
v 2.610407 0.589222 -0.092953
v 2.596129 0.611715 -0.092953
v 2.579125 0.631750 -0.092953
v 2.559558 0.649160 -0.092953
v 2.537593 0.663778 -0.092953
v 2.513391 0.675438 -0.092953
v 2.487116 0.683972 -0.092953
v 2.458931 0.689215 -0.092953
v 2.429000 0.691000 -0.092953
v 2.415329 0.690561 -0.092953
v 2.401796 0.689241 -0.092953
v 2.388375 0.687031 -0.092953
v 2.375037 0.683926 -0.092953
v 2.361754 0.679918 -0.092953
v 2.348500 0.675000 -0.092953
v 2.335245 0.669166 -0.092953
v 2.321963 0.662407 -0.092953
v 2.308625 0.654719 -0.092953
v 2.295204 0.646093 -0.092953
v 2.281671 0.636522 -0.092953
v 2.268000 0.626000 -0.092953
v 2.268000 0.503000 -0.092953
v 2.281648 0.519515 -0.092953
v 2.295102 0.534120 -0.092953
v 2.308375 0.546906 -0.092953
v 2.321482 0.557963 -0.092953
v 2.334435 0.567381 -0.092953
v 2.347250 0.575250 -0.092953
v 2.359940 0.581661 -0.092953
v 2.372519 0.586704 -0.092953
v 2.385000 0.590469 -0.092953
v 2.397398 0.593046 -0.092953
v 2.409727 0.594527 -0.092953
v 2.422000 0.595000 -0.092953
v 2.438377 0.593914 -0.092953
v 2.453931 0.590727 -0.092953
v 2.468547 0.585547 -0.092953
v 2.482111 0.578481 -0.092953
v 2.494509 0.569638 -0.092953
v 2.505625 0.559125 -0.092953
v 2.515346 0.547049 -0.092953
v 2.523556 0.533518 -0.092953
v 2.530141 0.518641 -0.092953
v 2.534986 0.502523 -0.092953
v 2.537977 0.485274 -0.092953
v 2.539000 0.467000 -0.092953
v 2.538670 0.453202 -0.092953
v 2.537678 0.440206 -0.092953
v 2.536023 0.427861 -0.092953
v 2.533704 0.416016 -0.092953
v 2.530717 0.404517 -0.092953
v 2.527062 0.393214 -0.092953
v 2.522737 0.381954 -0.092953
v 2.517740 0.370587 -0.092953
v 2.512070 0.358959 -0.092953
v 2.505724 0.346920 -0.092953
v 2.498702 0.334318 -0.092953
v 2.491000 0.321000 -0.092953
v 2.475585 0.295763 -0.092953
v 2.458514 0.269685 -0.092953
v 2.440047 0.242969 -0.092953
v 2.420444 0.215815 -0.092953
v 2.399967 0.188425 -0.092953
v 2.378875 0.161000 -0.092953
v 2.357429 0.133742 -0.092953
v 2.335889 0.106852 -0.092953
v 2.314516 0.080531 -0.092953
v 2.293569 0.054981 -0.092953
v 2.273311 0.030404 -0.092953
v 2.254000 0.007000 -0.092953
v 2.254000 0.000000 -0.092953
v 2.686000 0.000000 -0.092953
v 2.907000 -0.009000 -0.092953
v 2.946002 0.017310 -0.092953
v 2.982852 0.046977 -0.092953
v 3.017312 0.079609 -0.092953
v 3.049148 0.114815 -0.092953
v 3.078122 0.152201 -0.092953
v 3.104000 0.191375 -0.092953
v 3.126544 0.231945 -0.092953
v 3.145518 0.273519 -0.092953
v 3.160687 0.315703 -0.092953
v 3.171814 0.358107 -0.092953
v 3.178664 0.400336 -0.092953
v 3.181000 0.442000 -0.092953
v 3.179137 0.476939 -0.092953
v 3.173676 0.510097 -0.092953
v 3.164812 0.541234 -0.092953
v 3.152740 0.570111 -0.092953
v 3.137655 0.596488 -0.092953
v 3.119750 0.620125 -0.092953
v 3.099220 0.640783 -0.092953
v 3.076259 0.658222 -0.092953
v 3.051062 0.672203 -0.092953
v 3.023824 0.682486 -0.092953
v 2.994738 0.688832 -0.092953
v 2.964000 0.691000 -0.092953
v 2.933439 0.688954 -0.092953
v 2.904843 0.683051 -0.092953
v 2.878344 0.673641 -0.092953
v 2.854074 0.661074 -0.092953
v 2.832166 0.645702 -0.092953
v 2.812750 0.627875 -0.092953
v 2.795960 0.607944 -0.092953
v 2.781926 0.586259 -0.092953
v 2.770782 0.563172 -0.092953
v 2.762658 0.539032 -0.092953
v 2.757687 0.514192 -0.092953
v 2.756000 0.489000 -0.092953
v 2.757735 0.461767 -0.092953
v 2.762796 0.435718 -0.092953
v 2.770969 0.411078 -0.092953
v 2.782037 0.388074 -0.092953
v 2.795786 0.366931 -0.092953
v 2.812000 0.347875 -0.092953
v 2.830464 0.331131 -0.092953
v 2.850963 0.316926 -0.092953
v 2.873281 0.305484 -0.092953
v 2.897204 0.297032 -0.092953
v 2.922515 0.291796 -0.092953
v 2.949000 0.290000 -0.092953
v 2.958075 0.290227 -0.092953
v 2.967268 0.290898 -0.092953
v 2.976531 0.292000 -0.092953
v 2.985815 0.293519 -0.092953
v 2.995071 0.295440 -0.092953
v 3.004250 0.297750 -0.092953
v 3.013304 0.300435 -0.092953
v 3.022185 0.303482 -0.092953
v 3.030844 0.306875 -0.092953
v 3.039232 0.310602 -0.092953
v 3.047300 0.314648 -0.092953
v 3.055000 0.319000 -0.092953
v 3.049112 0.297329 -0.092953
v 3.040982 0.275384 -0.092953
v 3.030656 0.253266 -0.092953
v 3.018185 0.231074 -0.092953
v 3.003617 0.208910 -0.092953
v 2.987000 0.186875 -0.092953
v 2.968383 0.165069 -0.092953
v 2.947815 0.143593 -0.092953
v 2.925344 0.122547 -0.092953
v 2.901019 0.102032 -0.092953
v 2.874888 0.082150 -0.092953
v 2.847000 0.063000 -0.092953
v 2.854000 0.490000 -0.092953
v 2.854963 0.505359 -0.092953
v 2.857783 0.519875 -0.092953
v 2.862360 0.533453 -0.092953
v 2.868593 0.546000 -0.092953
v 2.876381 0.557422 -0.092953
v 2.885625 0.567625 -0.092953
v 2.896223 0.576516 -0.092953
v 2.908074 0.584000 -0.092953
v 2.921078 0.589984 -0.092953
v 2.935134 0.594375 -0.092953
v 2.950142 0.597078 -0.092953
v 2.966000 0.598000 -0.092953
v 2.981477 0.596840 -0.092953
v 2.996320 0.593472 -0.092953
v 3.010391 0.588063 -0.092953
v 3.023556 0.580778 -0.092953
v 3.035679 0.571785 -0.092953
v 3.046625 0.561250 -0.092953
v 3.056259 0.549340 -0.092953
v 3.064445 0.536222 -0.092953
v 3.071048 0.522062 -0.092953
v 3.075931 0.507028 -0.092953
v 3.078961 0.491285 -0.092953
v 3.080000 0.475000 -0.092953
v 3.079997 0.470805 -0.092953
v 3.079977 0.466690 -0.092953
v 3.079922 0.462609 -0.092953
v 3.079815 0.458519 -0.092953
v 3.079638 0.454372 -0.092953
v 3.079375 0.450125 -0.092953
v 3.079008 0.445732 -0.092953
v 3.078519 0.441148 -0.092953
v 3.077891 0.436328 -0.092953
v 3.077106 0.431227 -0.092953
v 3.076149 0.425799 -0.092953
v 3.075000 0.420000 -0.092953
v 3.065715 0.413810 -0.092953
v 3.056389 0.408231 -0.092953
v 3.047062 0.403250 -0.092953
v 3.037778 0.398852 -0.092953
v 3.028576 0.395023 -0.092953
v 3.019500 0.391750 -0.092953
v 3.010590 0.389019 -0.092953
v 3.001889 0.386815 -0.092953
v 2.993438 0.385125 -0.092953
v 2.985278 0.383935 -0.092953
v 2.977452 0.383231 -0.092953
v 2.970000 0.383000 -0.092953
v 2.954273 0.383979 -0.092953
v 2.939185 0.386829 -0.092953
v 2.924875 0.391422 -0.092953
v 2.911482 0.397630 -0.092953
v 2.899144 0.405324 -0.092953
v 2.888000 0.414375 -0.092953
v 2.878190 0.424656 -0.092953
v 2.869852 0.436037 -0.092953
v 2.863126 0.448391 -0.092953
v 2.858149 0.461588 -0.092953
v 2.855061 0.475501 -0.092953
vn -0.0000 -0.0000 1.0000
vn 0.7652 0.6438 -0.0000
vn 0.8517 0.5240 -0.0000
vn 1.0000 -0.0031 -0.0000
vn 0.9920 -0.1261 -0.0000
vn 0.9920 -0.1262 -0.0000
vn 0.4736 -0.8807 -0.0000
vn 0.3547 -0.9350 -0.0000
vn -0.9447 -0.3280 -0.0000
vn -0.9717 -0.2361 -0.0000
vn 0.9691 0.2468 -0.0000
vn 0.9432 0.3324 -0.0000
vn -0.9732 -0.2298 -0.0000
vn -0.9379 -0.3470 -0.0000
vn -0.9955 0.0948 -0.0000
vn -0.9974 0.0727 -0.0000
vn -0.9974 0.0725 -0.0000
vn 0.0381 -0.9993 -0.0000
vn 0.0782 -0.9969 -0.0000
vn -0.9739 0.2268 -0.0000
vn -0.9940 0.1090 -0.0000
vn -0.3673 -0.9301 -0.0000
vn -0.3981 -0.9174 -0.0000
vn -0.8865 -0.4627 -0.0000
vn -0.9431 0.3324 -0.0000
vn -0.9691 0.2468 -0.0000
vn 0.9718 0.2358 -0.0000
vn 0.9933 0.1159 -0.0000
vn -0.9986 0.0522 -0.0000
vn -0.9986 0.0521 -0.0000
vn 0.1199 -0.9928 -0.0000
vn -1.0000 -0.0069 -0.0000
vn -0.4270 -0.9042 -0.0000
vn 0.9850 0.1727 -0.0000
vn -0.9994 0.0343 -0.0000
vn 0.1619 -0.9868 -0.0000
vn -0.4410 -0.8975 -0.0000
vn -0.8188 -0.5741 -0.0000
vn -0.8187 -0.5742 -0.0000
vn 0.9584 0.2855 -0.0000
vn 0.9091 0.4165 -0.0000
vn 0.6635 0.7482 -0.0000
vn 0.5875 -0.8092 -0.0000
vn -0.9850 0.1727 -0.0000
vn -0.9905 -0.1373 -0.0000
vn 0.9885 -0.1513 -0.0000
vn 0.9717 -0.2361 -0.0000
vn -0.7348 -0.6783 -0.0000
vn -0.7347 -0.6784 -0.0000
vn 0.6929 -0.7211 -0.0000
vn 0.9339 0.3575 -0.0000
vn -0.9674 -0.2533 -0.0000
vn -0.9918 -0.1274 -0.0000
vn 0.2030 -0.9792 -0.0000
vn -0.9593 -0.2825 -0.0000
vn 0.9719 0.2352 -0.0000
vn 0.7861 -0.6181 -0.0000
vn -0.9885 -0.1513 -0.0000
vn -0.9998 0.0198 -0.0000
vn 0.2422 -0.9702 -0.0000
vn -0.6354 -0.7722 -0.0000
vn 0.5518 0.8340 -0.0000
vn -0.9941 0.1082 -0.0000
vn -1.0000 0.0092 -0.0000
vn -1.0000 0.0093 -0.0000
vn -0.9027 -0.4303 -0.0000
vn 0.0567 0.9984 -0.0000
vn -0.0130 0.9999 -0.0000
vn 0.9941 0.1082 -0.0000
vn -0.5226 -0.8526 -0.0000
vn 0.9349 0.3550 -0.0000
vn -1.0000 0.0028 -0.0000
vn 0.2787 -0.9604 -0.0000
vn 0.9973 -0.0730 -0.0000
vn -0.3990 -0.9170 -0.0000
vn -0.1120 0.9937 -0.0000
vn 0.8785 0.4778 -0.0000
vn -0.9995 -0.0315 -0.0000
vn -0.9995 -0.0316 -0.0000
vn 0.3117 -0.9502 -0.0000
vn 0.3118 -0.9502 -0.0000
vn -0.8209 -0.5711 -0.0000
vn 0.1130 0.9936 -0.0000
vn 0.9894 0.1452 -0.0000
vn -0.9973 -0.0730 -0.0000
vn -0.7183 -0.6958 -0.0000
vn 0.1683 0.9857 -0.0000
vn -0.2680 -0.9634 -0.0000
vn 0.9941 0.1080 -0.0000
vn 1.0000 -0.0014 -0.0000
vn 0.3412 -0.9400 -0.0000
vn 0.8820 0.4713 -0.0000
vn -0.9987 0.0513 -0.0000
vn 0.9987 0.0513 -0.0000
vn -0.1338 -0.9910 -0.0000
vn 0.3669 -0.9303 -0.0000
vn 0.3668 -0.9303 -0.0000
vn -0.2302 0.9731 -0.0000
vn -1.0000 0.0016 -0.0000
vn -0.6030 -0.7978 -0.0000
vn 0.2220 0.9750 -0.0000
vn 1.0000 -0.0000 -0.0000
vn -0.0138 -0.9999 -0.0000
vn 1.0000 0.0052 -0.0000
vn 0.3889 -0.9213 -0.0000
vn 0.8053 0.5929 -0.0000
vn 0.8784 0.4778 -0.0000
vn -0.4838 -0.8752 -0.0000
vn 0.8642 -0.5032 -0.0000
vn 0.3990 -0.9169 -0.0000
vn 0.8147 0.5799 -0.0000
vn -1.0000 -0.0000 -0.0000
vn -0.9920 -0.1266 -0.0000
vn 0.0789 -0.9969 -0.0000
vn 0.9919 -0.1269 -0.0000
vn -0.3530 0.9356 -0.0000
vn -0.4232 0.9060 -0.0000
vn -0.4070 0.9134 -0.0000
vn -0.3681 -0.9298 -0.0000
vn 0.2737 0.9618 -0.0000
vn 0.4355 0.9002 -0.0000
vn 0.1615 -0.9869 -0.0000
vn -0.9684 -0.2494 -0.0000
vn -0.2606 -0.9654 -0.0000
vn 0.3230 0.9464 -0.0000
vn 0.9758 0.2185 -0.0000
vn 0.7354 0.6777 -0.0000
vn -0.9987 -0.0513 -0.0000
vn 0.2464 -0.9692 -0.0000
vn -0.3731 0.9278 -0.0000
vn 0.9987 -0.0513 -0.0000
vn -0.4763 0.8793 -0.0000
vn 0.3308 -0.9437 -0.0000
vn -0.9913 0.1318 -0.0000
vn -0.3366 0.9416 -0.0000
vn -0.3367 0.9416 -0.0000
vn -0.1635 -0.9865 -0.0000
vn 0.3696 0.9292 -0.0000
vn 0.9973 0.0730 -0.0000
vn 0.9668 -0.2556 -0.0000
vn 0.3194 0.9476 -0.0000
vn 0.4119 -0.9112 -0.0000
vn -0.0772 -0.9970 -0.0000
vn -0.0771 -0.9970 -0.0000
vn -0.5954 0.8034 -0.0000
vn -0.9973 0.0730 -0.0000
vn 0.4875 -0.8731 -0.0000
vn -0.9304 -0.3665 -0.0000
vn -0.9304 -0.3664 -0.0000
vn -0.2983 0.9545 -0.0000
vn -0.0183 -0.9998 -0.0000
vn 0.4132 0.9106 -0.0000
vn 0.9237 -0.3831 -0.0000
vn -0.9941 -0.1082 -0.0000
vn 0.5561 -0.8311 -0.0000
vn -0.2586 0.9660 -0.0000
vn 0.4539 0.8911 -0.0000
vn 0.9941 -0.1082 -0.0000
vn 0.6474 0.7622 -0.0000
vn 0.6168 -0.7871 -0.0000
vn -0.8790 -0.4769 -0.0000
vn -0.2182 0.9759 -0.0000
vn 0.9885 0.1513 -0.0000
vn 0.2069 0.9784 -0.0000
vn -0.7048 0.7094 -0.0000
vn 0.6696 -0.7427 -0.0000
vn -0.9661 0.2581 -0.0000
vn -0.0000 -1.0000 -0.0000
vn 0.9250 -0.3799 -0.0000
vn 0.9439 0.3303 -0.0000
vn 0.5541 0.8324 -0.0000
vn -0.9885 0.1513 -0.0000
vn 0.7150 -0.6992 -0.0000
vn -0.1779 0.9840 -0.0000
vn 0.4916 0.8708 -0.0000
vn 0.4539 0.8910 -0.0000
vn 0.8629 -0.5053 -0.0000
vn 0.9237 -0.3830 -0.0000
vn 0.4589 0.8885 -0.0000
vn -0.9850 -0.1727 -0.0000
vn 0.7535 -0.6575 -0.0000
vn 0.7534 -0.6575 -0.0000
vn -0.1385 0.9904 -0.0000
vn 0.9850 -0.1727 -0.0000
vn 0.3642 0.9313 -0.0000
vn -0.7997 0.6004 -0.0000
vn 0.7708 -0.6370 -0.0000
vn -0.8144 -0.5802 -0.0000
vn -0.8145 -0.5802 -0.0000
vn -0.1006 0.9949 -0.0000
vn 0.5263 0.8503 -0.0000
vn 0.7855 -0.6189 -0.0000
vn 0.1003 0.9950 -0.0000
vn 0.2721 0.9623 -0.0000
vn -0.9691 -0.2468 -0.0000
vn 0.7153 0.6988 -0.0000
vn 0.9691 -0.2468 -0.0000
vn 0.2266 0.9740 -0.0000
vn -0.8766 0.4812 -0.0000
vn -0.7369 -0.6760 -0.0000
vn -0.0647 0.9979 -0.0000
vn 0.5428 0.8399 -0.0000
vn 0.9717 0.2361 -0.0000
vn -0.6099 0.7925 -0.0000
vn -0.5938 0.8046 -0.0000
vn -0.9260 0.3776 -0.0000
vn -0.0312 0.9995 -0.0000
vn -0.5592 0.8290 -0.0000
vn 0.6935 -0.7204 -0.0000
vn 0.0168 0.9999 -0.0000
vn 0.4432 -0.8964 -0.0000
vn 0.4093 -0.9124 -0.0000
vn 0.9676 -0.2525 -0.0000
vn -0.9717 0.2361 -0.0000
vn 0.6109 0.7917 -0.0000
vn 0.8971 0.4419 -0.0000
vn 0.5135 -0.8581 -0.0000
vn -0.9432 -0.3324 -0.0000
vn -0.9431 -0.3324 -0.0000
vn 0.6579 -0.7531 -0.0000
vn 0.5937 -0.8047 -0.0000
vn -0.9341 0.3571 -0.0000
vn 0.9432 -0.3324 -0.0000
vn 0.5592 -0.8290 -0.0000
vn 0.5887 -0.8083 -0.0000
vn -0.6459 -0.7634 -0.0000
vn -0.9724 0.2333 -0.0000
vn 0.9447 0.3280 -0.0000
vn 0.9717 0.2360 -0.0000
vn 0.5897 -0.8076 -0.0000
vn -0.7682 -0.6402 -0.0000
vn 0.9922 -0.1248 -0.0000
vn 0.9676 -0.2524 -0.0000
vn 0.7152 -0.6989 -0.0000
vn -0.0000 1.0000 -0.0000
vn -0.0162 0.9999 -0.0000
vn -0.9447 0.3280 -0.0000
vn -0.5412 -0.8409 -0.0000
vn -0.9935 0.1136 -0.0000
vn 0.4770 -0.8789 -0.0000
vn -0.5661 0.8244 -0.0000
vn -0.5860 0.8103 -0.0000
vn -0.9022 -0.4313 -0.0000
vn -1.0000 -0.0034 -0.0000
vn 0.9022 -0.4313 -0.0000
vn -0.6253 0.7804 -0.0000
vn -0.0692 0.9976 -0.0000
vn 0.9999 -0.0127 -0.0000
vn -0.8717 0.4900 -0.0000
vn 0.7666 -0.6421 -0.0000
vn -0.1499 0.9887 -0.0000
vn -0.8391 -0.5441 -0.0000
vn -0.4225 -0.9064 -0.0000
vn -0.9919 -0.1272 -0.0000
vn -0.9919 -0.1273 -0.0000
vn 0.8390 -0.5441 -0.0000
vn 0.3588 -0.9334 -0.0000
vn -0.6644 0.7474 -0.0000
vn -0.2450 0.9695 -0.0000
vn 0.9974 0.0727 -0.0000
vn 0.6664 -0.7456 -0.0000
vn 0.9040 0.4275 -0.0000
vn -0.7032 0.7110 -0.0000
vn -0.2908 -0.9568 -0.0000
vn 0.8130 -0.5823 -0.0000
vn -0.9656 -0.2600 -0.0000
vn 0.2382 -0.9712 -0.0000
vn -0.3549 0.9349 -0.0000
vn 0.9891 0.1474 -0.0000
vn 0.9974 0.0726 -0.0000
vn -0.9040 0.4275 -0.0000
vn -0.9040 0.4276 -0.0000
vn 0.7430 -0.6693 -0.0000
vn 0.8343 0.5513 -0.0000
vn -0.7417 0.6708 -0.0000
vn -0.7443 -0.6679 -0.0000
vn -0.9184 -0.3957 -0.0000
vn 0.7443 -0.6679 -0.0000
vn 0.8391 -0.5440 -0.0000
vn -0.7798 0.6260 -0.0000
vn -0.4774 0.8787 -0.0000
vn 0.9743 0.2253 -0.0000
vn 0.9891 0.1473 -0.0000
vn -0.1484 -0.9889 -0.0000
vn 0.8549 -0.5188 -0.0000
vn 0.1179 -0.9930 -0.0000
vn -0.6061 0.7954 -0.0000
vn -0.6088 -0.7933 -0.0000
vn 0.8142 -0.5806 -0.0000
vn -0.8488 -0.5288 -0.0000
vn -0.8487 -0.5288 -0.0000
vn 0.6088 -0.7933 -0.0000
vn -0.8175 0.5760 -0.0000
vn -0.0084 -1.0000 -0.0000
vn -0.7575 -0.6528 -0.0000
vn -0.8542 0.5199 -0.0000
vn -0.7301 0.6834 -0.0000
vn 0.9517 0.3070 -0.0000
vn 0.9743 0.2252 -0.0000
vn -0.4301 -0.9028 -0.0000
vn 0.8926 -0.4508 -0.0000
vn 0.8760 -0.4823 -0.0000
vn 0.4301 -0.9028 -0.0000
vn -0.6484 -0.7613 -0.0000
vn 0.8456 0.5339 -0.0000
vn -0.8896 0.4568 -0.0000
vn -0.8367 0.5477 -0.0000
vn 0.9196 0.3929 -0.0000
vn -0.8037 0.5950 -0.0000
vn 0.9262 -0.3771 -0.0000
vn 0.9255 -0.3787 -0.0000
vn 0.8760 -0.4822 -0.0000
vn 0.7549 0.6558 -0.0000
vn -0.8456 0.5339 -0.0000
vn -0.5272 -0.8497 -0.0000
vn -0.9227 0.3855 -0.0000
vn -0.9166 0.3998 -0.0000
vn -0.2196 -0.9756 -0.0000
vn -0.7220 0.6919 -0.0000
vn -0.7220 0.6918 -0.0000
vn 0.0955 -0.9954 -0.0000
vn 0.0489 -0.9988 -0.0000
vn 0.9614 -0.2750 -0.0000
vn -0.4010 -0.9161 -0.0000
vn 0.2196 -0.9756 -0.0000
vn 0.6587 0.7524 -0.0000
vn -0.0213 -0.9998 -0.0000
vn -0.0214 -0.9998 -0.0000
vn 0.8758 0.4827 -0.0000
vn -0.1354 -0.9908 -0.0000
vn -0.9673 0.2535 -0.0000
vn -0.6267 0.7793 -0.0000
vn 0.1398 -0.9902 -0.0000
vn 0.9845 -0.1756 -0.0000
vn -0.2762 -0.9611 -0.0000
vn 0.5464 0.8375 -0.0000
vn 0.1824 -0.9832 -0.0000
vn -0.1577 -0.9875 -0.0000
vn 0.7647 0.6444 -0.0000
vn -0.9929 0.1192 -0.0000
vn -0.5183 0.8552 -0.0000
vn -0.5182 0.8552 -0.0000
vn 0.2237 -0.9747 -0.0000
vn 0.9965 -0.0838 -0.0000
vn -0.0484 -0.9988 -0.0000
vn 0.4203 0.9074 -0.0000
vn 0.8180 0.5753 -0.0000
vn 0.8758 0.4828 -0.0000
vn -0.2685 -0.9633 -0.0000
vn -1.0000 0.0033 -0.0000
vn -0.7647 0.6444 -0.0000
vn -0.3982 0.9173 -0.0000
vn 0.9999 0.0108 -0.0000
vn 0.0037 -1.0000 -0.0000
vn 0.6569 0.7540 -0.0000
vn 0.2839 0.9588 -0.0000
vn -0.9523 0.3051 -0.0000
vn 0.7442 0.6680 -0.0000
vn 0.2643 -0.9645 -0.0000
vn -0.9946 -0.1037 -0.0000
vn 0.6532 0.7572 -0.0000
vn -0.6569 0.7540 -0.0000
vn -0.2690 0.9631 -0.0000
vn 0.3045 -0.9525 -0.0000
vn 0.1421 0.9898 -0.0000
vn -0.9758 -0.2187 -0.0000
vn 0.5457 0.8380 -0.0000
vn -0.5205 0.8539 -0.0000
vn -0.5202 0.8540 -0.0000
vn 0.3448 -0.9387 -0.0000
vn 0.9923 0.1240 -0.0000
vn 0.5205 0.8539 -0.0000
vn 0.4246 0.9054 -0.0000
vn -0.4766 0.8791 -0.0000
vn -0.1348 0.9909 -0.0000
vn 0.4952 0.8688 -0.0000
vn 0.0018 1.0000 -0.0000
vn -0.3955 -0.9184 -0.0000
vn -0.3956 -0.9184 -0.0000
vn -0.9385 -0.3452 -0.0000
vn 0.3603 0.9328 -0.0000
vn -0.3587 0.9335 -0.0000
vn 0.3856 -0.9227 -0.0000
vn 0.3587 0.9335 -0.0000
vn -0.8782 -0.4783 -0.0000
vn 0.5391 -0.8422 -0.0000
vn 0.5085 -0.8611 -0.0000
vn -0.4284 0.9036 -0.0000
vn -0.4283 0.9036 -0.0000
vn 0.4273 -0.9041 -0.0000
vn 0.9684 0.2493 -0.0000
vn 0.6029 -0.7978 -0.0000
vn -0.1810 0.9835 -0.0000
vn -0.3755 0.9268 -0.0000
vn 0.4703 -0.8825 -0.0000
vn 0.1810 0.9835 -0.0000
vn 0.3723 0.9281 -0.0000
vn -0.7713 0.6364 -0.0000
vn -0.7715 0.6362 -0.0000
vn -0.7927 -0.6096 -0.0000
vn 0.6716 -0.7409 -0.0000
vn 0.6030 -0.7978 -0.0000
vn 0.9551 -0.2964 -0.0000
vn -0.7725 0.6350 -0.0000
vn -0.6845 -0.7290 -0.0000
vn -0.3185 0.9479 -0.0000
vn 0.9271 0.3749 -0.0000
vn -0.7748 0.6322 -0.0000
vn -0.5140 -0.8578 -0.0000
vn -0.2580 0.9662 -0.0000
vn -0.0354 0.9994 -0.0000
vn -0.0749 0.9972 -0.0000
vn 0.2464 0.9692 -0.0000
vn -0.9650 0.2622 -0.0000
vn -0.5608 -0.8280 -0.0000
vn 0.7417 -0.6708 -0.0000
vn 0.4920 -0.8706 -0.0000
vn -0.4317 -0.9020 -0.0000
vn -0.1947 0.9809 -0.0000
vn -0.1596 0.9872 -0.0000
vn 0.1214 0.9926 -0.0000
vn -0.7784 0.6278 -0.0000
vn -0.3065 -0.9519 -0.0000
vn -0.2561 0.9667 -0.0000
vn -0.7832 0.6218 -0.0000
vn -0.6220 -0.7830 -0.0000
vn -0.1914 -0.9815 -0.0000
vn -0.1299 0.9915 -0.0000
vn 0.7740 -0.6332 -0.0000
vn 0.7694 -0.6388 -0.0000
vn 0.8671 0.4982 -0.0000
vn -0.3643 0.9313 -0.0000
vn -0.7182 -0.6959 -0.0000
vn 0.8087 -0.5883 -0.0000
vn -0.9110 -0.4124 -0.0000
vn -0.0646 0.9979 -0.0000
vn 0.9783 -0.2072 -0.0000
vn 0.9194 -0.3934 -0.0000
vn 0.0137 0.9999 -0.0000
vn -0.7893 0.6140 -0.0000
vn -0.0896 -0.9960 -0.0000
vn 0.7851 -0.6194 -0.0000
vn -0.4820 0.8762 -0.0000
vn -0.8016 -0.5978 -0.0000
vn -0.0211 -0.9998 -0.0000
vn 0.8682 -0.4963 -0.0000
vn 0.8087 -0.5882 -0.0000
vn 0.1810 -0.9835 -0.0000
vn -0.1810 -0.9835 -0.0000
vn -0.7968 0.6042 -0.0000
vn 0.3587 -0.9335 -0.0000
vn 0.7999 -0.6001 -0.0000
vn 0.0155 0.9999 -0.0000
vn -0.0603 0.9982 -0.0000
vn 0.7883 0.6153 -0.0000
vn -0.6041 0.7969 -0.0000
vn -0.1170 0.9931 -0.0000
vn -0.7222 0.6917 -0.0000
vn -0.3587 -0.9335 -0.0000
vn -0.8059 0.5921 -0.0000
vn 0.1241 0.9923 -0.0000
vn 0.9167 -0.3997 -0.0000
vn 0.5205 -0.8539 -0.0000
vn 0.6921 0.7218 -0.0000
vn -0.9135 -0.4068 -0.0000
vn -0.8168 0.5770 -0.0000
vn -0.8167 0.5770 -0.0000
vn 0.9243 -0.3817 -0.0000
vn 0.8190 -0.5738 -0.0000
vn -0.1702 0.9854 -0.0000
vn 0.5819 0.8133 -0.0000
vn -0.8262 0.5634 -0.0000
vn -0.5205 -0.8539 -0.0000
vn 0.9527 -0.3039 -0.0000
vn 0.9166 -0.3997 -0.0000
vn 0.9138 0.4063 -0.0000
vn 0.6569 -0.7540 -0.0000
vn -0.2209 0.9753 -0.0000
vn 0.4626 0.8866 -0.0000
vn -0.8297 0.5582 -0.0000
vn 0.2461 0.9692 -0.0000
vn 0.8425 -0.5387 -0.0000
vn 0.3401 0.9404 -0.0000
vn -0.9075 0.4200 -0.0000
vn -0.6569 -0.7540 -0.0000
vn 0.9769 -0.2137 -0.0000
vn 0.7647 -0.6444 -0.0000
vn -0.8715 -0.4904 -0.0000
vn 0.2197 0.9756 -0.0000
vn -0.8451 0.5346 -0.0000
vn -0.8451 0.5345 -0.0000
vn -0.9196 0.3928 -0.0000
vn 0.8699 -0.4932 -0.0000
vn 0.8425 -0.5388 -0.0000
vn -0.2694 0.9630 -0.0000
vn 0.1058 0.9944 -0.0000
vn 0.2198 0.9756 -0.0000
vn -0.9622 0.2724 -0.0000
vn 0.1019 -0.9948 -0.0000
vn 0.0244 -0.9997 -0.0000
vn -0.7647 -0.6444 -0.0000
vn 0.3638 0.9315 -0.0000
vn 0.9912 -0.1323 -0.0000
vn 0.0254 0.9997 -0.0000
vn 0.2129 -0.9771 -0.0000
vn 0.2196 0.9756 -0.0000
vn -0.8596 0.5110 -0.0000
vn -0.3163 0.9487 -0.0000
vn -0.9914 0.1308 -0.0000
vn 0.3315 -0.9435 -0.0000
vn -0.8696 0.4937 -0.0000
vn 0.9981 -0.0615 -0.0000
vn 0.9912 -0.1324 -0.0000
vn -0.2196 0.9756 -0.0000
vn 0.9002 -0.4354 -0.0000
vn -0.3618 0.9323 -0.0000
vn 0.4536 -0.8912 -0.0000
vn 0.8456 -0.5339 -0.0000
vn 0.4757 0.8796 -0.0000
vn -1.0000 0.0003 -0.0000
vn 0.5737 -0.8191 -0.0000
vn -0.8791 0.4766 -0.0000
vn -0.8456 -0.5339 -0.0000
vn -0.4062 0.9138 -0.0000
vn -0.4063 0.9138 -0.0000
vn -0.9918 -0.1279 -0.0000
vn 0.6856 -0.7280 -0.0000
vn 0.4301 0.9028 -0.0000
vn -0.8918 0.4524 -0.0000
vn 0.9999 0.0166 -0.0000
vn 0.9312 -0.3646 -0.0000
vn 0.7836 -0.6212 -0.0000
vn -0.4301 0.9028 -0.0000
vn -0.4498 0.8932 -0.0000
vn -0.4497 0.8932 -0.0000
vn -0.9650 -0.2622 -0.0000
vn 0.6088 0.7933 -0.0000
vn -0.9073 0.4204 -0.0000
vn -0.9073 0.4205 -0.0000
vn 0.5809 0.8139 -0.0000
vn -0.0213 0.9998 -0.0000
vn -0.9170 -0.3989 -0.0000
vn -0.9170 -0.3990 -0.0000
vn -0.9247 0.3806 -0.0000
vn 0.9919 0.1272 -0.0000
vn -0.6088 0.7933 -0.0000
vn -0.4924 0.8704 -0.0000
vn -0.0904 0.9959 -0.0000
vn 0.7443 0.6679 -0.0000
vn -0.9428 0.3332 -0.0000
vn 0.9595 -0.2817 -0.0000
vn -0.9270 -0.3750 -0.0000
vn -0.8470 -0.5315 -0.0000
vn -0.1928 0.9812 -0.0000
vn 0.8641 -0.5034 -0.0000
vn -0.7443 0.6679 -0.0000
vn -0.5342 0.8454 -0.0000
vn -0.7574 -0.6530 -0.0000
vn -0.7573 -0.6530 -0.0000
vn 0.9040 -0.4275 -0.0000
vn -0.9601 0.2797 -0.0000
vn -0.9601 0.2796 -0.0000
vn 0.6783 0.7348 -0.0000
vn 0.5809 0.8140 -0.0000
vn 0.9657 0.2598 -0.0000
vn 0.0161 -0.9999 -0.0000
vn -0.0486 -0.9988 -0.0000
vn -0.3077 0.9515 -0.0000
vn -0.0956 -0.9954 -0.0000
vn -0.9751 0.2219 -0.0000
vn 0.1155 -0.9933 -0.0000
vn -0.9040 -0.4276 -0.0000
vn -0.9040 -0.4275 -0.0000
vn 0.9818 -0.1898 -0.0000
vn -0.5547 0.8320 -0.0000
vn -0.5547 0.8321 -0.0000
vn -0.6526 -0.7577 -0.0000
vn -0.4320 0.9019 -0.0000
vn 0.8391 0.5441 -0.0000
vn 0.7667 0.6420 -0.0000
vn -0.5388 -0.8425 -0.0000
vn -0.5596 0.8288 -0.0000
vn -0.1406 -0.9901 -0.0000
vn -0.9867 0.1626 -0.0000
vn 0.9253 -0.3793 -0.0000
vn -0.8391 0.5441 -0.0000
vn -0.9809 0.1943 -0.0000
vn -0.9829 0.1840 -0.0000
vn -0.9829 0.1841 -0.0000
vn -0.4220 -0.9066 -0.0000
vn -0.1836 -0.9830 -0.0000
vn 0.9022 0.4313 -0.0000
vn -0.9945 0.1045 -0.0000
vn 0.9191 0.3940 -0.0000
vn 0.2344 -0.9721 -0.0000
vn 0.9956 -0.0942 -0.0000
vn -0.9867 0.1628 -0.0000
vn -0.9866 0.1629 -0.0000
vn -0.6816 0.7318 -0.0000
vn -0.9022 0.4313 -0.0000
vn -0.3072 -0.9517 -0.0000
vn -0.7886 0.6148 -0.0000
vn -0.7887 0.6148 -0.0000
vn -0.2245 -0.9745 -0.0000
vn 0.9447 -0.3280 -0.0000
vn -0.9987 0.0500 -0.0000
vn 0.8443 0.5358 -0.0000
vn 0.9675 -0.2527 -0.0000
vn -0.1976 -0.9803 -0.0000
vn -0.2633 -0.9647 -0.0000
vn -0.9999 -0.0160 -0.0000
vn 1.0000 0.0053 -0.0000
vn -0.9901 0.1406 -0.0000
vn -0.0953 -0.9954 -0.0000
vn -0.8740 0.4859 -0.0000
vn -0.3000 -0.9539 -0.0000
vn -0.9930 0.1177 -0.0000
vn -0.9931 0.1176 -0.0000
vn -0.9352 0.3540 -0.0000
vn -0.9935 -0.1136 -0.0000
vn -0.9935 -0.1135 -0.0000
vn -0.9432 0.3324 -0.0000
vn -0.3346 -0.9424 -0.0000
vn -0.9955 0.0946 -0.0000
vn -0.0000 -0.0000 -1.0000
vn 0.8444 0.5358 -0.0000
vn -0.9809 0.1944 -0.0000
vt 0.250426 0.000000
vt 0.339012 0.000000
vt 0.337308 0.000000
vt 0.335605 0.000000
vt 0.333901 0.000000
vt 0.332198 0.000000
vt 0.330494 0.000000
vt 0.328790 0.000000
vt 0.327087 0.000000
vt 0.325383 0.000000
vt 0.323680 0.000000
vt 0.340715 0.000000
vt 0.321976 0.000000
vt 0.383305 0.000000
vt 0.342419 0.000000
vt 0.344123 0.000000
vt 0.320273 0.000000
vt 0.345826 0.000000
vt 0.347530 0.000000
vt 0.349233 0.000000
vt 0.350937 0.000000
vt 0.318569 0.000000
vt 0.352641 0.000000
vt 0.354344 0.000000
vt 0.316865 0.000000
vt 0.356048 0.000000
vt 0.357751 0.000000
vt 0.315162 0.000000
vt 0.359455 0.000000
vt 0.361158 0.000000
vt 0.313458 0.000000
vt 0.362862 0.000000
vt 0.311755 0.000000
vt 0.364566 0.000000
vt 0.310051 0.000000
vt 0.366269 0.000000
vt 0.308348 0.000000
vt 0.367973 0.000000
vt 0.306644 0.000000
vt 0.369676 0.000000
vt 0.304940 0.000000
vt 0.371380 0.000000
vt 0.303237 0.000000
vt 0.373083 0.000000
vt 0.374787 0.000000
vt 0.301533 0.000000
vt 0.376491 0.000000
vt 0.299830 0.000000
vt 0.378194 0.000000
vt 0.379898 0.000000
vt 0.381601 0.000000
vt 0.385009 0.000000
vt 0.298126 0.000000
vt 0.296422 0.000000
vt 0.294719 0.000000
vt 0.293015 0.000000
vt 0.291312 0.000000
vt 0.289608 0.000000
vt 0.287905 0.000000
vt 0.286201 0.000000
vt 0.284497 0.000000
vt 0.386712 0.000000
vt 0.282794 0.000000
vt 0.429302 0.000000
vt 0.388416 0.000000
vt 0.390119 0.000000
vt 0.391823 0.000000
vt 0.281090 0.000000
vt 0.393526 0.000000
vt 0.395230 0.000000
vt 0.279387 0.000000
vt 0.396934 0.000000
vt 0.398637 0.000000
vt 0.277683 0.000000
vt 0.400341 0.000000
vt 0.402044 0.000000
vt 0.275980 0.000000
vt 0.403748 0.000000
vt 0.274276 0.000000
vt 0.405451 0.000000
vt 0.407155 0.000000
vt 0.272572 0.000000
vt 0.408859 0.000000
vt 0.410562 0.000000
vt 0.270869 0.000000
vt 0.412266 0.000000
vt 0.269165 0.000000
vt 0.413969 0.000000
vt 0.415673 0.000000
vt 0.267462 0.000000
vt 0.417376 0.000000
vt 0.419080 0.000000
vt 0.265758 0.000000
vt 0.420784 0.000000
vt 0.422487 0.000000
vt 0.424191 0.000000
vt 0.264055 0.000000
vt 0.425894 0.000000
vt 0.427598 0.000000
vt 0.262351 0.000000
vt 0.260647 0.000000
vt 0.258944 0.000000
vt 0.257240 0.000000
vt 0.255537 0.000000
vt 0.253833 0.000000
vt 0.252129 0.000000
vt 0.434412 0.000000
vt 0.431005 0.000000
vt 0.432709 0.000000
vt 0.444634 0.000000
vt 0.442930 0.000000
vt 0.448041 0.000000
vt 0.446337 0.000000
vt 0.437819 0.000000
vt 0.439523 0.000000
vt 0.436116 0.000000
vt 0.441227 0.000000
vt 0.453152 0.000000
vt 0.449744 0.000000
vt 0.451448 0.000000
vt 0.458262 0.000000
vt 0.456559 0.000000
vt 0.454855 0.000000
vt 0.482112 0.000000
vt 0.478705 0.000000
vt 0.480409 0.000000
vt 0.477002 0.000000
vt 0.483816 0.000000
vt 0.475298 0.000000
vt 0.485520 0.000000
vt 0.473595 0.000000
vt 0.487223 0.000000
vt 0.488927 0.000000
vt 0.471891 0.000000
vt 0.490630 0.000000
vt 0.603066 0.000000
vt 0.470187 0.000000
vt 0.601363 0.000000
vt 0.604770 0.000000
vt 0.599659 0.000000
vt 0.606474 0.000000
vt 0.492334 0.000000
vt 0.468484 0.000000
vt 0.597956 0.000000
vt 0.608177 0.000000
vt 0.596252 0.000000
vt 0.609881 0.000000
vt 0.594549 0.000000
vt 0.611584 0.000000
vt 0.494037 0.000000
vt 0.466780 0.000000
vt 0.592845 0.000000
vt 0.613288 0.000000
vt 0.591141 0.000000
vt 0.614991 0.000000
vt 0.495741 0.000000
vt 0.465077 0.000000
vt 0.589438 0.000000
vt 0.616695 0.000000
vt 0.497445 0.000000
vt 0.463373 0.000000
vt 0.587734 0.000000
vt 0.618399 0.000000
vt 0.586031 0.000000
vt 0.620102 0.000000
vt 0.499148 0.000000
vt 0.461670 0.000000
vt 0.584327 0.000000
vt 0.621806 0.000000
vt 0.500852 0.000000
vt 0.459966 0.000000
vt 0.582623 0.000000
vt 0.541738 0.000000
vt 0.502555 0.000000
vt 0.580920 0.000000
vt 0.543441 0.000000
vt 0.540034 0.000000
vt 0.579216 0.000000
vt 0.545145 0.000000
vt 0.504259 0.000000
vt 0.538330 0.000000
vt 0.577513 0.000000
vt 0.546848 0.000000
vt 0.505963 0.000000
vt 0.536627 0.000000
vt 0.548552 0.000000
vt 0.575809 0.000000
vt 0.550256 0.000000
vt 0.574106 0.000000
vt 0.507666 0.000000
vt 0.534923 0.000000
vt 0.551959 0.000000
vt 0.572402 0.000000
vt 0.509370 0.000000
vt 0.533220 0.000000
vt 0.553663 0.000000
vt 0.570698 0.000000
vt 0.555366 0.000000
vt 0.568995 0.000000
vt 0.511073 0.000000
vt 0.531516 0.000000
vt 0.557070 0.000000
vt 0.567291 0.000000
vt 0.558773 0.000000
vt 0.565588 0.000000
vt 0.560477 0.000000
vt 0.563884 0.000000
vt 0.512777 0.000000
vt 0.529813 0.000000
vt 0.562181 0.000000
vt 0.514480 0.000000
vt 0.528109 0.000000
vt 0.516184 0.000000
vt 0.526405 0.000000
vt 0.517888 0.000000
vt 0.524702 0.000000
vt 0.519591 0.000000
vt 0.522998 0.000000
vt 0.521295 0.000000
vt 0.667802 0.000000
vt 0.664395 0.000000
vt 0.666099 0.000000
vt 0.669506 0.000000
vt 0.671210 0.000000
vt 0.662692 0.000000
vt 0.672913 0.000000
vt 0.660988 0.000000
vt 0.674617 0.000000
vt 0.676320 0.000000
vt 0.659284 0.000000
vt 0.678024 0.000000
vt 0.679727 0.000000
vt 0.657581 0.000000
vt 0.681431 0.000000
vt 0.683135 0.000000
vt 0.655877 0.000000
vt 0.684838 0.000000
vt 0.686542 0.000000
vt 0.654174 0.000000
vt 0.688245 0.000000
vt 0.689949 0.000000
vt 0.691652 0.000000
vt 0.693356 0.000000
vt 0.695060 0.000000
vt 0.696763 0.000000
vt 0.698467 0.000000
vt 0.700170 0.000000
vt 0.701874 0.000000
vt 0.703578 0.000000
vt 0.705281 0.000000
vt 0.706985 0.000000
vt 0.708688 0.000000
vt 0.652470 0.000000
vt 0.710392 0.000000
vt 0.712095 0.000000
vt 0.713799 0.000000
vt 0.650767 0.000000
vt 0.715503 0.000000
vt 0.717206 0.000000
vt 0.718910 0.000000
vt 0.649063 0.000000
vt 0.720613 0.000000
vt 0.722317 0.000000
vt 0.647359 0.000000
vt 0.724020 0.000000
vt 0.725724 0.000000
vt 0.645656 0.000000
vt 0.727428 0.000000
vt 0.729131 0.000000
vt 0.643952 0.000000
vt 0.730835 0.000000
vt 0.732538 0.000000
vt 0.642249 0.000000
vt 0.734242 0.000000
vt 0.735945 0.000000
vt 0.640545 0.000000
vt 0.737649 0.000000
vt 0.739353 0.000000
vt 0.638842 0.000000
vt 0.741056 0.000000
vt 0.742760 0.000000
vt 0.744463 0.000000
vt 0.637138 0.000000
vt 0.746167 0.000000
vt 0.747871 0.000000
vt 0.635434 0.000000
vt 0.749574 0.000000
vt 0.751278 0.000000
vt 0.633731 0.000000
vt 0.752981 0.000000
vt 0.632027 0.000000
vt 0.754685 0.000000
vt 0.630324 0.000000
vt 0.756388 0.000000
vt 0.758092 0.000000
vt 0.628620 0.000000
vt 0.759796 0.000000
vt 0.626917 0.000000
vt 0.761499 0.000000
vt 0.625213 0.000000
vt 0.763203 0.000000
vt 0.764906 0.000000
vt 0.623509 0.000000
vt 0.773424 0.000000
vt 0.766610 0.000000
vt 0.768313 0.000000
vt 0.770017 0.000000
vt 0.771721 0.000000
vt 0.817717 0.000000
vt 0.814310 0.000000
vt 0.816014 0.000000
vt 0.819421 0.000000
vt 0.812606 0.000000
vt 0.821124 0.000000
vt 0.810903 0.000000
vt 0.822828 0.000000
vt 0.809199 0.000000
vt 0.824531 0.000000
vt 0.807496 0.000000
vt 0.826235 0.000000
vt 0.805792 0.000000
vt 0.827939 0.000000
vt 0.804089 0.000000
vt 0.829642 0.000000
vt 0.918228 0.000000
vt 0.919932 0.000000
vt 0.921635 0.000000
vt 0.916525 0.000000
vt 0.923339 0.000000
vt 0.802385 0.000000
vt 0.914821 0.000000
vt 0.925043 0.000000
vt 0.913118 0.000000
vt 0.926746 0.000000
vt 0.831346 0.000000
vt 0.911414 0.000000
vt 0.928450 0.000000
vt 0.909710 0.000000
vt 0.930153 0.000000
vt 0.800681 0.000000
vt 0.908007 0.000000
vt 0.833049 0.000000
vt 0.931857 0.000000
vt 0.906303 0.000000
vt 0.933560 0.000000
vt 0.904600 0.000000
vt 0.798978 0.000000
vt 0.834753 0.000000
vt 0.935264 0.000000
vt 0.902896 0.000000
vt 0.936968 0.000000
vt 0.901192 0.000000
vt 0.836457 0.000000
vt 0.797274 0.000000
vt 0.938671 0.000000
vt 0.899489 0.000000
vt 0.940375 0.000000
vt 1.000000 0.000000
vt 0.838160 0.000000
vt 0.795571 0.000000
vt 0.998296 0.000000
vt 0.942078 0.000000
vt 0.943782 0.000000
vt 0.945486 0.000000
vt 0.947189 0.000000
vt 0.839864 0.000000
vt 0.996593 0.000000
vt 0.948893 0.000000
vt 0.950596 0.000000
vt 0.952300 0.000000
vt 0.994889 0.000000
vt 0.954003 0.000000
vt 0.793867 0.000000
vt 0.955707 0.000000
vt 0.957411 0.000000
vt 0.993186 0.000000
vt 0.841567 0.000000
vt 0.959114 0.000000
vt 0.960818 0.000000
vt 0.991482 0.000000
vt 0.962521 0.000000
vt 0.989779 0.000000
vt 0.964225 0.000000
vt 0.843271 0.000000
vt 0.965928 0.000000
vt 0.988075 0.000000
vt 0.967632 0.000000
vt 0.792164 0.000000
vt 0.969336 0.000000
vt 0.986371 0.000000
vt 0.971039 0.000000
vt 0.972743 0.000000
vt 0.984668 0.000000
vt 0.974446 0.000000
vt 0.844974 0.000000
vt 0.982964 0.000000
vt 0.976150 0.000000
vt 0.977853 0.000000
vt 0.981261 0.000000
vt 0.979557 0.000000
vt 0.846678 0.000000
vt 0.790460 0.000000
vt 0.848382 0.000000
vt 0.850085 0.000000
vt 0.877342 0.000000
vt 0.875639 0.000000
vt 0.879046 0.000000
vt 0.851789 0.000000
vt 0.788756 0.000000
vt 0.873935 0.000000
vt 0.872232 0.000000
vt 0.870528 0.000000
vt 0.853492 0.000000
vt 0.868825 0.000000
vt 0.867121 0.000000
vt 0.865417 0.000000
vt 0.880750 0.000000
vt 0.855196 0.000000
vt 0.863714 0.000000
vt 0.862010 0.000000
vt 0.860307 0.000000
vt 0.856899 0.000000
vt 0.858603 0.000000
vt 0.882453 0.000000
vt 0.787053 0.000000
vt 0.884157 0.000000
vt 0.785349 0.000000
vt 0.885860 0.000000
vt 0.887564 0.000000
vt 0.783646 0.000000
vt 0.889267 0.000000
vt 0.890971 0.000000
vt 0.781942 0.000000
vt 0.892675 0.000000
vt 0.894378 0.000000
vt 0.780239 0.000000
vt 0.896082 0.000000
vt 0.897785 0.000000
vt 0.778535 0.000000
vt 0.775128 0.000000
vt 0.776831 0.000000
vt 0.229983 0.000000
vt 0.226576 0.000000
vt 0.228279 0.000000
vt 0.231687 0.000000
vt 0.233390 0.000000
vt 0.224872 0.000000
vt 0.235094 0.000000
vt 0.236797 0.000000
vt 0.238501 0.000000
vt 0.223169 0.000000
vt 0.240204 0.000000
vt 0.241908 0.000000
vt 0.243612 0.000000
vt 0.221465 0.000000
vt 0.245315 0.000000
vt 0.247019 0.000000
vt 0.219762 0.000000
vt 0.248722 0.000000
vt 0.000000 0.000000
vt 0.001704 0.000000
vt 0.003407 0.000000
vt 0.005111 0.000000
vt 0.006814 0.000000
vt 0.008518 0.000000
vt 0.010221 0.000000
vt 0.218058 0.000000
vt 0.011925 0.000000
vt 0.013629 0.000000
vt 0.216354 0.000000
vt 0.015332 0.000000
vt 0.017036 0.000000
vt 0.018739 0.000000
vt 0.214651 0.000000
vt 0.020443 0.000000
vt 0.022147 0.000000
vt 0.212947 0.000000
vt 0.023850 0.000000
vt 0.025554 0.000000
vt 0.027257 0.000000
vt 0.211244 0.000000
vt 0.028961 0.000000
vt 0.030664 0.000000
vt 0.032368 0.000000
vt 0.209540 0.000000
vt 0.034072 0.000000
vt 0.035775 0.000000
vt 0.207836 0.000000
vt 0.037479 0.000000
vt 0.039182 0.000000
vt 0.206133 0.000000
vt 0.040886 0.000000
vt 0.042589 0.000000
vt 0.204429 0.000000
vt 0.044293 0.000000
vt 0.202726 0.000000
vt 0.045997 0.000000
vt 0.201022 0.000000
vt 0.047700 0.000000
vt 0.199319 0.000000
vt 0.049404 0.000000
vt 0.197615 0.000000
vt 0.051107 0.000000
vt 0.052811 0.000000
vt 0.195911 0.000000
vt 0.054514 0.000000
vt 0.194208 0.000000
vt 0.056218 0.000000
vt 0.057922 0.000000
vt 0.059625 0.000000
vt 0.192504 0.000000
vt 0.061329 0.000000
vt 0.063032 0.000000
vt 0.190801 0.000000
vt 0.189097 0.000000
vt 0.187394 0.000000
vt 0.185690 0.000000
vt 0.183986 0.000000
vt 0.182283 0.000000
vt 0.180579 0.000000
vt 0.178876 0.000000
vt 0.064736 0.000000
vt 0.177172 0.000000
vt 0.066440 0.000000
vt 0.068143 0.000000
vt 0.069847 0.000000
vt 0.175468 0.000000
vt 0.071550 0.000000
vt 0.073254 0.000000
vt 0.173765 0.000000
vt 0.074957 0.000000
vt 0.172061 0.000000
vt 0.076661 0.000000
vt 0.078365 0.000000
vt 0.170358 0.000000
vt 0.080068 0.000000
vt 0.168654 0.000000
vt 0.081772 0.000000
vt 0.166951 0.000000
vt 0.083475 0.000000
vt 0.165247 0.000000
vt 0.085179 0.000000
vt 0.086882 0.000000
vt 0.163543 0.000000
vt 0.088586 0.000000
vt 0.090290 0.000000
vt 0.161840 0.000000
vt 0.126065 0.000000
vt 0.122658 0.000000
vt 0.124361 0.000000
vt 0.091993 0.000000
vt 0.120954 0.000000
vt 0.093697 0.000000
vt 0.119250 0.000000
vt 0.160136 0.000000
vt 0.095400 0.000000
vt 0.117547 0.000000
vt 0.115843 0.000000
vt 0.097104 0.000000
vt 0.114140 0.000000
vt 0.098807 0.000000
vt 0.112436 0.000000
vt 0.110733 0.000000
vt 0.100511 0.000000
vt 0.158433 0.000000
vt 0.109029 0.000000
vt 0.102215 0.000000
vt 0.107325 0.000000
vt 0.105622 0.000000
vt 0.103918 0.000000
vt 0.156729 0.000000
vt 0.155026 0.000000
vt 0.153322 0.000000
vt 0.127768 0.000000
vt 0.129472 0.000000
vt 0.131175 0.000000
vt 0.151618 0.000000
vt 0.132879 0.000000
vt 0.134583 0.000000
vt 0.149915 0.000000
vt 0.136286 0.000000
vt 0.137990 0.000000
vt 0.139693 0.000000
vt 0.148211 0.000000
vt 0.141397 0.000000
vt 0.143101 0.000000
vt 0.146508 0.000000
vt 0.144804 0.000000
s 1
f 148/1/1 200/2/1 199/3/1
f 200/2/1 198/4/1 199/3/1
f 200/2/1 197/5/1 198/4/1
f 200/2/1 196/6/1 197/5/1
f 200/2/1 195/7/1 196/6/1
f 200/2/1 194/8/1 195/7/1
f 200/2/1 193/9/1 194/8/1
f 200/2/1 192/10/1 193/9/1
f 200/2/1 191/11/1 192/10/1
f 200/2/1 201/12/1 191/11/1
f 201/12/1 190/13/1 191/11/1
f 148/1/1 226/14/1 200/2/1
f 202/15/1 190/13/1 201/12/1
f 203/16/1 190/13/1 202/15/1
f 203/16/1 189/17/1 190/13/1
f 204/18/1 189/17/1 203/16/1
f 205/19/1 189/17/1 204/18/1
f 206/20/1 189/17/1 205/19/1
f 207/21/1 189/17/1 206/20/1
f 207/21/1 188/22/1 189/17/1
f 208/23/1 188/22/1 207/21/1
f 209/24/1 188/22/1 208/23/1
f 209/24/1 187/25/1 188/22/1
f 210/26/1 187/25/1 209/24/1
f 211/27/1 187/25/1 210/26/1
f 211/27/1 186/28/1 187/25/1
f 212/29/1 186/28/1 211/27/1
f 213/30/1 186/28/1 212/29/1
f 213/30/1 185/31/1 186/28/1
f 214/32/1 185/31/1 213/30/1
f 214/32/1 184/33/1 185/31/1
f 215/34/1 184/33/1 214/32/1
f 215/34/1 183/35/1 184/33/1
f 216/36/1 183/35/1 215/34/1
f 216/36/1 182/37/1 183/35/1
f 217/38/1 182/37/1 216/36/1
f 217/38/1 181/39/1 182/37/1
f 218/40/1 181/39/1 217/38/1
f 218/40/1 180/41/1 181/39/1
f 219/42/1 180/41/1 218/40/1
f 219/42/1 179/43/1 180/41/1
f 220/44/1 179/43/1 219/42/1
f 221/45/1 179/43/1 220/44/1
f 221/45/1 178/46/1 179/43/1
f 222/47/1 178/46/1 221/45/1
f 222/47/1 177/48/1 178/46/1
f 223/49/1 177/48/1 222/47/1
f 224/50/1 177/48/1 223/49/1
f 225/51/1 177/48/1 224/50/1
f 148/1/1 227/52/1 226/14/1
f 227/52/1 225/51/1 226/14/1
f 227/52/1 177/48/1 225/51/1
f 227/52/1 176/53/1 177/48/1
f 227/52/1 175/54/1 176/53/1
f 227/52/1 174/55/1 175/54/1
f 227/52/1 173/56/1 174/55/1
f 227/52/1 172/57/1 173/56/1
f 227/52/1 171/58/1 172/57/1
f 227/52/1 170/59/1 171/58/1
f 227/52/1 169/60/1 170/59/1
f 227/52/1 168/61/1 169/60/1
f 227/52/1 228/62/1 168/61/1
f 228/62/1 167/63/1 168/61/1
f 148/1/1 253/64/1 227/52/1
f 229/65/1 167/63/1 228/62/1
f 230/66/1 167/63/1 229/65/1
f 231/67/1 167/63/1 230/66/1
f 231/67/1 166/68/1 167/63/1
f 232/69/1 166/68/1 231/67/1
f 233/70/1 166/68/1 232/69/1
f 233/70/1 165/71/1 166/68/1
f 234/72/1 165/71/1 233/70/1
f 235/73/1 165/71/1 234/72/1
f 235/73/1 164/74/1 165/71/1
f 236/75/1 164/74/1 235/73/1
f 237/76/1 164/74/1 236/75/1
f 237/76/1 163/77/1 164/74/1
f 238/78/1 163/77/1 237/76/1
f 238/78/1 162/79/1 163/77/1
f 239/80/1 162/79/1 238/78/1
f 240/81/1 162/79/1 239/80/1
f 240/81/1 161/82/1 162/79/1
f 241/83/1 161/82/1 240/81/1
f 242/84/1 161/82/1 241/83/1
f 242/84/1 160/85/1 161/82/1
f 243/86/1 160/85/1 242/84/1
f 243/86/1 159/87/1 160/85/1
f 244/88/1 159/87/1 243/86/1
f 245/89/1 159/87/1 244/88/1
f 245/89/1 158/90/1 159/87/1
f 246/91/1 158/90/1 245/89/1
f 247/92/1 158/90/1 246/91/1
f 247/92/1 157/93/1 158/90/1
f 248/94/1 157/93/1 247/92/1
f 249/95/1 157/93/1 248/94/1
f 250/96/1 157/93/1 249/95/1
f 250/96/1 156/97/1 157/93/1
f 251/98/1 156/97/1 250/96/1
f 252/99/1 156/97/1 251/98/1
f 148/1/1 252/99/1 253/64/1
f 148/1/1 156/97/1 252/99/1
f 148/1/1 155/100/1 156/97/1
f 148/1/1 154/101/1 155/100/1
f 148/1/1 153/102/1 154/101/1
f 148/1/1 152/103/1 153/102/1
f 148/1/1 151/104/1 152/103/1
f 148/1/1 150/105/1 151/104/1
f 148/1/1 149/106/1 150/105/1
f 256/107/1 254/108/1 255/109/1
f 256/107/1 262/110/1 254/108/1
f 262/110/1 261/111/1 254/108/1
f 256/107/1 264/112/1 262/110/1
f 263/113/1 261/111/1 262/110/1
f 256/107/1 258/114/1 264/112/1
f 258/114/1 263/113/1 264/112/1
f 258/114/1 259/115/1 263/113/1
f 259/115/1 261/111/1 263/113/1
f 256/107/1 257/116/1 258/114/1
f 260/117/1 261/111/1 259/115/1
f 267/118/1 265/119/1 266/120/1
f 267/118/1 270/121/1 265/119/1
f 267/118/1 269/122/1 270/121/1
f 267/118/1 268/123/1 269/122/1
f 284/124/1 282/125/1 283/126/1
f 284/124/1 281/127/1 282/125/1
f 285/128/1 281/127/1 284/124/1
f 285/128/1 280/129/1 281/127/1
f 286/130/1 280/129/1 285/128/1
f 286/130/1 279/131/1 280/129/1
f 287/132/1 279/131/1 286/130/1
f 288/133/1 279/131/1 287/132/1
f 288/133/1 278/134/1 279/131/1
f 289/135/1 278/134/1 288/133/1
f 289/135/1 355/136/1 278/134/1
f 355/136/1 277/137/1 278/134/1
f 289/135/1 354/138/1 355/136/1
f 356/139/1 277/137/1 355/136/1
f 289/135/1 353/140/1 354/138/1
f 357/141/1 277/137/1 356/139/1
f 290/142/1 353/140/1 289/135/1
f 357/141/1 276/143/1 277/137/1
f 290/142/1 352/144/1 353/140/1
f 358/145/1 276/143/1 357/141/1
f 290/142/1 351/146/1 352/144/1
f 359/147/1 276/143/1 358/145/1
f 290/142/1 350/148/1 351/146/1
f 360/149/1 276/143/1 359/147/1
f 291/150/1 350/148/1 290/142/1
f 360/149/1 275/151/1 276/143/1
f 291/150/1 349/152/1 350/148/1
f 361/153/1 275/151/1 360/149/1
f 291/150/1 348/154/1 349/152/1
f 362/155/1 275/151/1 361/153/1
f 292/156/1 348/154/1 291/150/1
f 362/155/1 274/157/1 275/151/1
f 292/156/1 347/158/1 348/154/1
f 363/159/1 274/157/1 362/155/1
f 293/160/1 347/158/1 292/156/1
f 363/159/1 273/161/1 274/157/1
f 293/160/1 346/162/1 347/158/1
f 364/163/1 273/161/1 363/159/1
f 293/160/1 345/164/1 346/162/1
f 365/165/1 273/161/1 364/163/1
f 294/166/1 345/164/1 293/160/1
f 365/165/1 272/167/1 273/161/1
f 294/166/1 344/168/1 345/164/1
f 366/169/1 272/167/1 365/165/1
f 295/170/1 344/168/1 294/166/1
f 366/169/1 271/171/1 272/167/1
f 295/170/1 343/172/1 344/168/1
f 319/173/1 271/171/1 366/169/1
f 296/174/1 343/172/1 295/170/1
f 296/174/1 342/175/1 343/172/1
f 320/176/1 271/171/1 319/173/1
f 320/176/1 318/177/1 271/171/1
f 296/174/1 341/178/1 342/175/1
f 321/179/1 318/177/1 320/176/1
f 297/180/1 341/178/1 296/174/1
f 321/179/1 317/181/1 318/177/1
f 297/180/1 340/182/1 341/178/1
f 322/183/1 317/181/1 321/179/1
f 298/184/1 340/182/1 297/180/1
f 322/183/1 316/185/1 317/181/1
f 323/186/1 316/185/1 322/183/1
f 298/184/1 339/187/1 340/182/1
f 324/188/1 316/185/1 323/186/1
f 298/184/1 338/189/1 339/187/1
f 299/190/1 338/189/1 298/184/1
f 324/188/1 315/191/1 316/185/1
f 325/192/1 315/191/1 324/188/1
f 299/190/1 337/193/1 338/189/1
f 300/194/1 337/193/1 299/190/1
f 325/192/1 314/195/1 315/191/1
f 326/196/1 314/195/1 325/192/1
f 300/194/1 336/197/1 337/193/1
f 327/198/1 314/195/1 326/196/1
f 300/194/1 335/199/1 336/197/1
f 301/200/1 335/199/1 300/194/1
f 327/198/1 313/201/1 314/195/1
f 328/202/1 313/201/1 327/198/1
f 301/200/1 334/203/1 335/199/1
f 329/204/1 313/201/1 328/202/1
f 301/200/1 333/205/1 334/203/1
f 330/206/1 313/201/1 329/204/1
f 301/200/1 332/207/1 333/205/1
f 302/208/1 332/207/1 301/200/1
f 330/206/1 312/209/1 313/201/1
f 331/210/1 312/209/1 330/206/1
f 302/208/1 331/210/1 332/207/1
f 302/208/1 312/209/1 331/210/1
f 303/211/1 312/209/1 302/208/1
f 303/211/1 311/212/1 312/209/1
f 304/213/1 311/212/1 303/211/1
f 304/213/1 310/214/1 311/212/1
f 305/215/1 310/214/1 304/213/1
f 305/215/1 309/216/1 310/214/1
f 306/217/1 309/216/1 305/215/1
f 306/217/1 308/218/1 309/216/1
f 307/219/1 308/218/1 306/217/1
f 393/220/1 391/221/1 392/222/1
f 394/223/1 391/221/1 393/220/1
f 395/224/1 391/221/1 394/223/1
f 395/224/1 390/225/1 391/221/1
f 396/226/1 390/225/1 395/224/1
f 396/226/1 389/227/1 390/225/1
f 397/228/1 389/227/1 396/226/1
f 398/229/1 389/227/1 397/228/1
f 398/229/1 388/230/1 389/227/1
f 399/231/1 388/230/1 398/229/1
f 400/232/1 388/230/1 399/231/1
f 400/232/1 387/233/1 388/230/1
f 401/234/1 387/233/1 400/232/1
f 402/235/1 387/233/1 401/234/1
f 402/235/1 386/236/1 387/233/1
f 403/237/1 386/236/1 402/235/1
f 404/238/1 386/236/1 403/237/1
f 404/238/1 385/239/1 386/236/1
f 405/240/1 406/241/1 404/238/1
f 406/241/1 407/242/1 404/238/1
f 407/242/1 408/243/1 404/238/1
f 408/243/1 409/244/1 404/238/1
f 409/244/1 410/245/1 404/238/1
f 410/245/1 411/246/1 404/238/1
f 411/246/1 412/247/1 404/238/1
f 412/247/1 413/248/1 404/238/1
f 413/248/1 414/249/1 404/238/1
f 414/249/1 415/250/1 404/238/1
f 415/250/1 416/251/1 404/238/1
f 416/251/1 385/239/1 404/238/1
f 416/251/1 417/252/1 385/239/1
f 417/252/1 384/253/1 385/239/1
f 418/254/1 384/253/1 417/252/1
f 419/255/1 384/253/1 418/254/1
f 420/256/1 384/253/1 419/255/1
f 420/256/1 383/257/1 384/253/1
f 421/258/1 383/257/1 420/256/1
f 422/259/1 383/257/1 421/258/1
f 423/260/1 383/257/1 422/259/1
f 423/260/1 382/261/1 383/257/1
f 424/262/1 382/261/1 423/260/1
f 425/263/1 382/261/1 424/262/1
f 425/263/1 381/264/1 382/261/1
f 426/265/1 381/264/1 425/263/1
f 427/266/1 381/264/1 426/265/1
f 427/266/1 380/267/1 381/264/1
f 428/268/1 380/267/1 427/266/1
f 429/269/1 380/267/1 428/268/1
f 429/269/1 379/270/1 380/267/1
f 430/271/1 379/270/1 429/269/1
f 431/272/1 379/270/1 430/271/1
f 431/272/1 378/273/1 379/270/1
f 432/274/1 378/273/1 431/272/1
f 433/275/1 378/273/1 432/274/1
f 433/275/1 377/276/1 378/273/1
f 434/277/1 377/276/1 433/275/1
f 435/278/1 377/276/1 434/277/1
f 435/278/1 376/279/1 377/276/1
f 436/280/1 376/279/1 435/278/1
f 437/281/1 376/279/1 436/280/1
f 438/282/1 376/279/1 437/281/1
f 438/282/1 375/283/1 376/279/1
f 439/284/1 375/283/1 438/282/1
f 440/285/1 375/283/1 439/284/1
f 440/285/1 374/286/1 375/283/1
f 441/287/1 374/286/1 440/285/1
f 442/288/1 374/286/1 441/287/1
f 442/288/1 373/289/1 374/286/1
f 443/290/1 373/289/1 442/288/1
f 443/290/1 372/291/1 373/289/1
f 444/292/1 372/291/1 443/290/1
f 444/292/1 371/293/1 372/291/1
f 445/294/1 371/293/1 444/292/1
f 446/295/1 371/293/1 445/294/1
f 446/295/1 370/296/1 371/293/1
f 447/297/1 370/296/1 446/295/1
f 447/297/1 369/298/1 370/296/1
f 448/299/1 369/298/1 447/297/1
f 448/299/1 368/300/1 369/298/1
f 449/301/1 368/300/1 448/299/1
f 450/302/1 368/300/1 449/301/1
f 450/302/1 367/303/1 368/300/1
f 450/302/1 455/304/1 367/303/1
f 451/305/1 455/304/1 450/302/1
f 452/306/1 455/304/1 451/305/1
f 453/307/1 455/304/1 452/306/1
f 454/308/1 455/304/1 453/307/1
f 481/309/1 479/310/1 480/311/1
f 482/312/1 479/310/1 481/309/1
f 482/312/1 478/313/1 479/310/1
f 483/314/1 478/313/1 482/312/1
f 483/314/1 477/315/1 478/313/1
f 484/316/1 477/315/1 483/314/1
f 484/316/1 476/317/1 477/315/1
f 485/318/1 476/317/1 484/316/1
f 485/318/1 475/319/1 476/317/1
f 486/320/1 475/319/1 485/318/1
f 486/320/1 474/321/1 475/319/1
f 487/322/1 474/321/1 486/320/1
f 487/322/1 473/323/1 474/321/1
f 488/324/1 540/325/1 487/322/1
f 540/325/1 541/326/1 487/322/1
f 541/326/1 473/323/1 487/322/1
f 542/327/1 473/323/1 541/326/1
f 488/324/1 539/328/1 540/325/1
f 543/329/1 473/323/1 542/327/1
f 543/329/1 472/330/1 473/323/1
f 488/324/1 538/331/1 539/328/1
f 544/332/1 472/330/1 543/329/1
f 488/324/1 537/333/1 538/331/1
f 545/334/1 472/330/1 544/332/1
f 489/335/1 537/333/1 488/324/1
f 489/335/1 536/336/1 537/333/1
f 546/337/1 472/330/1 545/334/1
f 489/335/1 535/338/1 536/336/1
f 547/339/1 472/330/1 546/337/1
f 547/339/1 471/340/1 472/330/1
f 489/335/1 534/341/1 535/338/1
f 490/342/1 534/341/1 489/335/1
f 548/343/1 471/340/1 547/339/1
f 490/342/1 533/344/1 534/341/1
f 549/345/1 471/340/1 548/343/1
f 490/342/1 532/346/1 533/344/1
f 549/345/1 470/347/1 471/340/1
f 491/348/1 532/346/1 490/342/1
f 550/349/1 470/347/1 549/345/1
f 491/348/1 531/350/1 532/346/1
f 551/351/1 470/347/1 550/349/1
f 491/348/1 530/352/1 531/350/1
f 492/353/1 530/352/1 491/348/1
f 551/351/1 469/354/1 470/347/1
f 552/355/1 469/354/1 551/351/1
f 492/353/1 529/356/1 530/352/1
f 553/357/1 469/354/1 552/355/1
f 492/353/1 588/358/1 529/356/1
f 493/359/1 588/358/1 492/353/1
f 553/357/1 468/360/1 469/354/1
f 493/359/1 587/361/1 588/358/1
f 554/362/1 468/360/1 553/357/1
f 555/363/1 468/360/1 554/362/1
f 556/364/1 468/360/1 555/363/1
f 557/365/1 468/360/1 556/364/1
f 494/366/1 587/361/1 493/359/1
f 494/366/1 586/367/1 587/361/1
f 558/368/1 468/360/1 557/365/1
f 559/369/1 468/360/1 558/368/1
f 560/370/1 468/360/1 559/369/1
f 494/366/1 585/371/1 586/367/1
f 561/372/1 468/360/1 560/370/1
f 561/372/1 467/373/1 468/360/1
f 562/374/1 467/373/1 561/372/1
f 563/375/1 467/373/1 562/374/1
f 494/366/1 584/376/1 585/371/1
f 495/377/1 584/376/1 494/366/1
f 564/378/1 467/373/1 563/375/1
f 565/379/1 467/373/1 564/378/1
f 495/377/1 583/380/1 584/376/1
f 566/381/1 467/373/1 565/379/1
f 495/377/1 582/382/1 583/380/1
f 567/383/1 467/373/1 566/381/1
f 496/384/1 582/382/1 495/377/1
f 568/385/1 467/373/1 567/383/1
f 496/384/1 581/386/1 582/382/1
f 569/387/1 467/373/1 568/385/1
f 569/387/1 466/388/1 467/373/1
f 570/389/1 466/388/1 569/387/1
f 496/384/1 580/390/1 581/386/1
f 571/391/1 466/388/1 570/389/1
f 572/392/1 466/388/1 571/391/1
f 496/384/1 579/393/1 580/390/1
f 573/394/1 466/388/1 572/392/1
f 497/395/1 579/393/1 496/384/1
f 497/395/1 578/396/1 579/393/1
f 574/397/1 466/388/1 573/394/1
f 575/398/1 466/388/1 574/397/1
f 497/395/1 577/399/1 578/396/1
f 576/400/1 466/388/1 575/398/1
f 577/399/1 466/388/1 576/400/1
f 497/395/1 466/388/1 577/399/1
f 498/401/1 466/388/1 497/395/1
f 498/401/1 465/402/1 466/388/1
f 499/403/1 465/402/1 498/401/1
f 500/404/1 516/405/1 499/403/1
f 516/405/1 465/402/1 499/403/1
f 500/404/1 515/406/1 516/405/1
f 517/407/1 465/402/1 516/405/1
f 501/408/1 515/406/1 500/404/1
f 517/407/1 464/409/1 465/402/1
f 501/408/1 514/410/1 515/406/1
f 501/408/1 513/411/1 514/410/1
f 501/408/1 512/412/1 513/411/1
f 502/413/1 512/412/1 501/408/1
f 502/413/1 511/414/1 512/412/1
f 502/413/1 510/415/1 511/414/1
f 502/413/1 509/416/1 510/415/1
f 518/417/1 464/409/1 517/407/1
f 503/418/1 509/416/1 502/413/1
f 503/418/1 508/419/1 509/416/1
f 503/418/1 507/420/1 508/419/1
f 503/418/1 506/421/1 507/420/1
f 504/422/1 506/421/1 503/418/1
f 504/422/1 505/423/1 506/421/1
f 519/424/1 464/409/1 518/417/1
f 519/424/1 463/425/1 464/409/1
f 520/426/1 463/425/1 519/424/1
f 520/426/1 462/427/1 463/425/1
f 521/428/1 462/427/1 520/426/1
f 522/429/1 462/427/1 521/428/1
f 522/429/1 461/430/1 462/427/1
f 523/431/1 461/430/1 522/429/1
f 524/432/1 461/430/1 523/431/1
f 524/432/1 460/433/1 461/430/1
f 525/434/1 460/433/1 524/432/1
f 526/435/1 460/433/1 525/434/1
f 526/435/1 459/436/1 460/433/1
f 527/437/1 459/436/1 526/435/1
f 528/438/1 459/436/1 527/437/1
f 528/438/1 458/439/1 459/436/1
f 456/440/1 458/439/1 528/438/1
f 456/440/1 457/441/1 458/439/1
f 136/442/1 134/443/1 135/444/1
f 137/445/1 134/443/1 136/442/1
f 138/446/1 134/443/1 137/445/1
f 138/446/1 133/447/1 134/443/1
f 139/448/1 133/447/1 138/446/1
f 140/449/1 133/447/1 139/448/1
f 141/450/1 133/447/1 140/449/1
f 141/450/1 132/451/1 133/447/1
f 142/452/1 132/451/1 141/450/1
f 143/453/1 132/451/1 142/452/1
f 144/454/1 132/451/1 143/453/1
f 144/454/1 131/455/1 132/451/1
f 145/456/1 131/455/1 144/454/1
f 146/457/1 131/455/1 145/456/1
f 146/457/1 130/458/1 131/455/1
f 147/459/1 130/458/1 146/457/1
f 1/460/1 2/461/1 147/459/1
f 2/461/1 3/462/1 147/459/1
f 3/462/1 4/463/1 147/459/1
f 4/463/1 5/464/1 147/459/1
f 5/464/1 130/458/1 147/459/1
f 5/464/1 6/465/1 130/458/1
f 6/465/1 7/466/1 130/458/1
f 7/466/1 129/467/1 130/458/1
f 7/466/1 8/468/1 129/467/1
f 8/468/1 9/469/1 129/467/1
f 9/469/1 128/470/1 129/467/1
f 9/469/1 10/471/1 128/470/1
f 10/471/1 11/472/1 128/470/1
f 11/472/1 12/473/1 128/470/1
f 12/473/1 127/474/1 128/470/1
f 12/473/1 13/475/1 127/474/1
f 13/475/1 14/476/1 127/474/1
f 14/476/1 126/477/1 127/474/1
f 15/478/1 126/477/1 14/476/1
f 16/479/1 126/477/1 15/478/1
f 17/480/1 126/477/1 16/479/1
f 17/480/1 125/481/1 126/477/1
f 18/482/1 125/481/1 17/480/1
f 19/483/1 125/481/1 18/482/1
f 20/484/1 125/481/1 19/483/1
f 20/484/1 124/485/1 125/481/1
f 21/486/1 124/485/1 20/484/1
f 22/487/1 124/485/1 21/486/1
f 22/487/1 123/488/1 124/485/1
f 23/489/1 123/488/1 22/487/1
f 24/490/1 123/488/1 23/489/1
f 24/490/1 122/491/1 123/488/1
f 25/492/1 122/491/1 24/490/1
f 26/493/1 122/491/1 25/492/1
f 26/493/1 121/494/1 122/491/1
f 27/495/1 121/494/1 26/493/1
f 27/495/1 120/496/1 121/494/1
f 28/497/1 120/496/1 27/495/1
f 28/497/1 119/498/1 120/496/1
f 29/499/1 119/498/1 28/497/1
f 29/499/1 118/500/1 119/498/1
f 30/501/1 118/500/1 29/499/1
f 30/501/1 117/502/1 118/500/1
f 31/503/1 117/502/1 30/501/1
f 32/504/1 117/502/1 31/503/1
f 32/504/1 116/505/1 117/502/1
f 33/506/1 116/505/1 32/504/1
f 33/506/1 115/507/1 116/505/1
f 34/508/1 115/507/1 33/506/1
f 35/509/1 115/507/1 34/508/1
f 36/510/1 115/507/1 35/509/1
f 36/510/1 114/511/1 115/507/1
f 37/512/1 114/511/1 36/510/1
f 38/513/1 114/511/1 37/512/1
f 38/513/1 113/514/1 114/511/1
f 38/513/1 112/515/1 113/514/1
f 38/513/1 111/516/1 112/515/1
f 38/513/1 110/517/1 111/516/1
f 38/513/1 109/518/1 110/517/1
f 38/513/1 108/519/1 109/518/1
f 38/513/1 107/520/1 108/519/1
f 38/513/1 106/521/1 107/520/1
f 38/513/1 39/522/1 106/521/1
f 39/522/1 105/523/1 106/521/1
f 40/524/1 105/523/1 39/522/1
f 41/525/1 105/523/1 40/524/1
f 42/526/1 105/523/1 41/525/1
f 42/526/1 104/527/1 105/523/1
f 43/528/1 104/527/1 42/526/1
f 44/529/1 104/527/1 43/528/1
f 44/529/1 103/530/1 104/527/1
f 45/531/1 103/530/1 44/529/1
f 45/531/1 102/532/1 103/530/1
f 46/533/1 102/532/1 45/531/1
f 47/534/1 102/532/1 46/533/1
f 47/534/1 101/535/1 102/532/1
f 48/536/1 101/535/1 47/534/1
f 48/536/1 100/537/1 101/535/1
f 49/538/1 100/537/1 48/536/1
f 49/538/1 99/539/1 100/537/1
f 50/540/1 99/539/1 49/538/1
f 50/540/1 98/541/1 99/539/1
f 51/542/1 98/541/1 50/540/1
f 52/543/1 98/541/1 51/542/1
f 52/543/1 97/544/1 98/541/1
f 53/545/1 97/544/1 52/543/1
f 54/546/1 97/544/1 53/545/1
f 54/546/1 96/547/1 97/544/1
f 75/548/1 73/549/1 74/550/1
f 55/551/1 96/547/1 54/546/1
f 75/548/1 72/552/1 73/549/1
f 56/553/1 96/547/1 55/551/1
f 75/548/1 71/554/1 72/552/1
f 56/553/1 95/555/1 96/547/1
f 57/556/1 95/555/1 56/553/1
f 75/548/1 70/557/1 71/554/1
f 75/548/1 69/558/1 70/557/1
f 58/559/1 95/555/1 57/556/1
f 75/548/1 68/560/1 69/558/1
f 59/561/1 95/555/1 58/559/1
f 75/548/1 67/562/1 68/560/1
f 75/548/1 66/563/1 67/562/1
f 60/564/1 95/555/1 59/561/1
f 60/564/1 94/565/1 95/555/1
f 75/548/1 65/566/1 66/563/1
f 61/567/1 94/565/1 60/564/1
f 75/548/1 64/568/1 65/566/1
f 75/548/1 63/569/1 64/568/1
f 62/570/1 94/565/1 61/567/1
f 75/548/1 62/570/1 63/569/1
f 75/548/1 94/565/1 62/570/1
f 75/548/1 93/571/1 94/565/1
f 75/548/1 92/572/1 93/571/1
f 75/548/1 91/573/1 92/572/1
f 76/574/1 91/573/1 75/548/1
f 77/575/1 91/573/1 76/574/1
f 78/576/1 91/573/1 77/575/1
f 78/576/1 90/577/1 91/573/1
f 79/578/1 90/577/1 78/576/1
f 80/579/1 90/577/1 79/578/1
f 80/579/1 89/580/1 90/577/1
f 81/581/1 89/580/1 80/579/1
f 82/582/1 89/580/1 81/581/1
f 83/583/1 89/580/1 82/582/1
f 83/583/1 88/584/1 89/580/1
f 84/585/1 88/584/1 83/583/1
f 85/586/1 88/584/1 84/585/1
f 85/586/1 87/587/1 88/584/1
f 86/588/1 87/587/1 85/586/1
f 716/470/2 715/474/3 1303/474/3
f 749/82/4 748/85/5 1336/85/6
f 679/573/7 678/577/8 1266/577/8
f 887/190/9 886/184/10 1474/184/10
f 927/187/11 926/189/12 1514/189/12
f 1015/266/13 1014/265/14 1602/265/14
f 1148/370/15 1147/369/16 1735/369/17
f 600/473/18 599/472/19 1187/472/19
f 830/84/20 829/83/21 1417/83/21
f 666/576/22 665/575/23 1253/575/23
f 1014/265/14 1013/263/24 1601/263/24
f 912/188/25 911/186/26 1499/186/26
f 970/261/27 969/264/28 1557/264/28
f 1147/369/16 1146/368/29 1734/368/30
f 599/472/19 598/471/31 1186/471/31
f 829/83/21 828/81/32 1416/81/32
f 665/575/23 664/574/33 1252/574/33
f 928/182/34 927/187/11 1515/187/11
f 750/79/28 749/82/4 1337/82/4
f 1146/368/29 1145/365/35 1733/365/35
f 598/471/31 597/469/36 1185/469/36
f 664/574/33 663/548/37 1251/548/37
f 1013/263/24 1012/262/38 1600/262/39
f 1175/361/40 1174/367/41 1762/367/41
f 717/467/42 716/470/2 1304/470/2
f 680/572/43 679/573/7 1267/573/7
f 911/186/26 910/183/44 1498/183/44
f 828/81/32 827/80/45 1415/80/45
f 905/181/46 904/185/47 1492/185/47
f 1012/262/38 1011/260/48 1599/260/49
f 681/571/50 680/572/43 1268/572/43
f 971/257/51 970/261/27 1558/261/27
f 1082/366/52 1081/359/53 1669/359/53
f 597/469/36 596/468/54 1184/468/54
f 827/80/45 826/78/55 1414/78/55
f 751/77/56 750/79/28 1338/79/28
f 682/565/57 681/571/50 1269/571/50
f 886/184/10 885/180/58 1473/180/58
f 1145/365/35 1144/364/59 1732/364/59
f 596/468/54 595/466/60 1183/466/60
f 1011/260/48 1010/259/61 1598/259/61
f 718/458/62 717/467/42 1305/467/42
f 910/183/44 909/179/63 1497/179/63
f 1144/364/59 1143/363/64 1731/363/65
f 826/78/55 825/76/66 1413/76/66
f 651/569/67 650/570/68 1238/570/68
f 929/178/69 928/182/34 1516/182/34
f 1010/259/61 1009/258/70 1597/258/70
f 752/74/71 751/77/56 1339/77/56
f 1143/363/64 1142/362/72 1730/362/72
f 595/466/60 594/465/73 1182/465/73
f 906/177/74 905/181/46 1493/181/46
f 1009/258/70 1008/256/75 1596/256/75
f 650/570/68 649/567/76 1237/567/76
f 972/253/77 971/257/51 1559/257/51
f 1142/362/72 1141/357/78 1729/357/79
f 594/465/73 593/464/80 1181/464/81
f 825/76/66 824/75/82 1412/75/82
f 652/568/83 651/569/67 1239/569/67
f 1176/358/84 1175/361/40 1763/361/40
f 885/180/58 884/174/85 1472/174/85
f 824/75/82 823/73/86 1411/73/86
f 653/566/87 652/568/83 1240/568/83
f 1008/256/75 1007/255/88 1595/255/88
f 1057/354/89 1056/360/90 1644/360/90
f 593/464/80 592/463/91 1180/463/91
f 753/71/92 752/74/71 1340/74/71
f 909/179/63 908/176/93 1496/176/93
f 930/175/94 929/178/69 1517/178/69
f 1007/255/88 1006/254/95 1594/254/95
f 592/463/91 591/462/96 1179/462/97
f 649/567/76 648/564/98 1236/564/98
f 1081/359/53 1080/353/99 1668/353/99
f 823/73/86 822/72/100 1410/72/100
f 654/563/101 653/566/87 1241/566/87
f 859/171/102 906/177/74 1494/177/74
f 1006/254/95 1005/252/103 1593/252/103
f 1117/356/104 1176/358/84 1764/358/84
f 591/462/96 590/461/105 1178/461/105
f 973/239/106 972/253/77 1560/253/107
f 822/72/100 821/70/108 1409/70/108
f 683/555/109 682/565/57 1270/565/57
f 590/461/105 589/460/110 1177/460/110
f 754/68/111 753/71/92 1341/71/92
f 908/176/93 907/173/112 1495/173/112
f 1141/357/78 1140/355/113 1728/355/113
f 589/460/112 735/459/112 1323/459/112
f 931/172/102 930/175/94 1518/175/94
f 1005/252/103 1004/251/114 1592/251/114
f 1118/352/115 1117/356/104 1705/356/104
f 648/564/98 647/561/116 1235/561/116
f 735/459/117 734/457/118 1322/457/118
f 821/70/108 820/69/119 1408/69/119
f 655/562/120 654/563/101 1242/563/101
f 719/455/121 718/458/62 1306/458/62
f 884/174/85 883/170/112 1471/170/112
f 1004/251/114 1003/250/122 1591/250/122
f 1140/355/113 1139/351/123 1727/351/123
f 820/69/119 819/67/124 1407/67/124
f 656/560/125 655/562/120 1243/562/120
f 1058/347/126 1057/354/89 1645/354/89
f 755/63/127 754/68/111 1342/68/111
f 907/173/112 954/169/128 1542/169/128
f 1003/250/122 1002/249/129 1590/249/129
f 734/457/118 733/456/130 1321/456/130
f 932/168/131 931/172/102 1519/172/102
f 647/561/116 646/559/132 1234/559/132
f 1002/249/129 1001/248/133 1589/248/133
f 1080/353/99 1079/348/134 1667/348/134
f 733/456/130 732/454/135 1320/454/136
f 819/67/124 818/66/137 1406/66/137
f 657/558/138 656/560/125 1244/560/125
f 860/167/139 859/171/102 1447/171/102
f 1119/350/140 1118/352/115 1706/352/115
f 720/451/141 719/455/121 1307/455/121
f 1001/248/133 1000/247/142 1588/247/142
f 818/66/137 817/65/143 1405/65/144
f 646/559/132 645/556/145 1233/556/145
f 883/170/112 882/166/146 1470/166/146
f 1000/247/142 999/246/147 1587/246/147
f 1139/351/123 1138/349/148 1726/349/149
f 732/454/135 731/453/150 1319/453/150
f 817/65/143 816/62/151 1404/62/151
f 658/557/152 657/558/138 1245/558/138
f 1120/346/153 1119/350/140 1707/350/140
f 815/52/102 841/64/102 1429/64/102
f 954/169/128 953/165/154 1541/165/154
f 999/246/147 998/245/155 1586/245/155
f 731/453/150 730/452/156 1318/452/156
f 659/554/157 658/557/152 1246/557/152
f 933/164/158 932/168/131 1520/168/131
f 756/61/159 755/63/127 1343/63/127
f 998/245/155 997/244/160 1585/244/160
f 1138/349/148 1137/345/161 1725/345/161
f 730/452/156 729/450/162 1317/450/162
f 861/161/163 860/167/139 1448/167/139
f 721/447/164 720/451/141 1308/451/141
f 645/556/145 644/553/165 1232/553/165
f 997/244/160 996/243/166 1584/243/166
f 1079/348/134 1078/342/167 1666/342/167
f 816/62/151 815/52/168 1403/52/168
f 684/547/169 683/555/109 1271/555/109
f 1059/340/170 1058/347/126 1646/347/126
f 757/60/171 756/61/159 1344/61/159
f 882/166/146 881/160/172 1469/160/172
f 996/243/166 995/242/173 1583/242/173
f 729/450/162 728/449/174 1316/449/174
f 660/552/175 659/554/157 1247/554/176
f 1121/344/177 1120/346/153 1708/346/178
f 758/59/179 757/60/171 1345/60/171
f 953/165/154 952/163/180 1540/163/180
f 995/242/173 994/241/181 1582/241/182
f 728/449/174 727/448/183 1315/448/183
f 934/162/184 933/164/158 1521/164/158
f 759/58/185 758/59/179 1346/59/179
f 644/553/165 643/551/186 1231/551/186
f 994/241/181 993/240/187 1581/240/187
f 1137/345/161 1136/343/188 1724/343/189
f 727/448/183 726/446/190 1314/446/190
f 661/549/191 660/552/175 1248/552/175
f 993/240/112 992/238/112 1580/238/112
f 1122/341/192 1121/344/177 1709/344/177
f 722/443/193 721/447/164 1309/447/164
f 760/57/194 759/58/185 1347/58/185
f 952/163/180 951/159/195 1539/159/195
f 974/236/196 973/239/106 1561/239/106
f 935/158/197 934/162/184 1522/162/184
f 761/56/198 760/57/194 1348/57/194
f 643/551/186 642/546/199 1230/546/199
f 1136/343/188 1135/339/200 1723/339/200
f 726/446/190 725/445/201 1313/445/201
f 662/550/202 661/549/191 1249/549/191
f 862/157/203 861/161/163 1449/161/163
f 992/238/204 991/237/205 1579/237/205
f 762/55/102 761/56/102 1349/56/102
f 1078/342/167 1077/335/206 1665/335/206
f 725/445/201 724/442/207 1312/442/207
f 663/548/112 662/550/112 1250/550/112
f 991/237/205 990/235/208 1578/235/208
f 1123/338/209 1122/341/192 1710/341/192
f 723/444/210 722/443/193 1310/443/193
f 763/54/211 762/55/212 1350/55/212
f 685/544/213 684/547/169 1272/547/169
f 881/160/172 880/156/214 1468/156/214
f 975/233/215 974/236/196 1562/236/196
f 1060/330/216 1059/340/170 1647/340/170
f 724/442/207 723/444/210 1311/444/210
f 764/53/217 763/54/211 1351/54/211
f 951/159/195 950/155/218 1538/155/219
f 1046/439/220 1045/441/221 1633/441/221
f 642/546/199 641/545/222 1229/545/222
f 936/154/223 935/158/197 1523/158/197
f 1045/441/221 1044/440/224 1632/440/224
f 765/48/225 764/53/217 1352/53/217
f 1135/339/200 1134/337/226 1722/337/226
f 641/545/222 640/543/227 1228/543/227
f 863/151/228 862/157/203 1450/157/229
f 1124/336/230 1123/338/209 1711/338/209
f 1044/440/231 1116/438/231 1704/438/231
f 686/541/232 685/544/213 1273/544/233
f 1047/436/234 1046/439/220 1634/439/220
f 814/14/235 813/51/236 1401/51/236
f 880/156/214 879/150/237 1467/150/237
f 1134/337/226 1133/334/238 1721/334/238
f 640/543/227 639/542/239 1227/542/239
f 1125/333/240 1124/336/230 1712/336/230
f 1116/438/241 1115/437/242 1703/437/242
f 950/155/218 949/153/243 1537/153/243
f 639/542/239 638/540/244 1226/540/244
f 937/152/245 936/154/223 1524/154/223
f 1115/437/242 1114/435/246 1702/435/246
f 813/51/236 812/50/247 1400/50/247
f 687/539/248 686/541/232 1274/541/232
f 1077/335/206 1076/324/249 1664/324/249
f 1048/433/250 1047/436/234 1635/436/234
f 812/50/247 811/49/251 1399/49/251
f 949/153/243 948/149/252 1536/149/252
f 1133/334/238 1132/332/253 1720/332/253
f 638/540/244 637/538/254 1225/538/255
f 938/148/256 937/152/245 1525/152/245
f 1126/331/257 1125/333/240 1713/333/240
f 1114/435/246 1113/434/258 1701/434/258
f 811/49/251 810/47/259 1398/47/259
f 688/537/260 687/539/248 1275/539/248
f 766/46/261 765/48/225 1353/48/225
f 864/143/262 863/151/228 1451/151/228
f 1113/434/258 1112/432/263 1700/432/263
f 1132/332/253 1131/329/264 1719/329/264
f 1049/430/265 1048/433/250 1636/433/250
f 637/538/254 636/536/266 1224/536/266
f 1127/328/267 1126/331/257 1714/331/257
f 810/47/259 809/45/268 1397/45/268
f 689/535/269 688/537/260 1276/537/270
f 879/150/237 878/142/271 1466/142/272
f 767/43/273 766/46/261 1354/46/261
f 1061/323/274 1060/330/216 1648/330/216
f 1112/432/263 1111/431/275 1699/431/275
f 948/149/252 947/147/276 1535/147/276
f 636/536/266 635/534/277 1223/534/277
f 939/146/278 938/148/256 1526/148/279
f 1111/431/275 1110/429/280 1698/429/280
f 809/45/268 808/44/281 1396/44/281
f 690/532/282 689/535/269 1277/535/283
f 1131/329/264 1130/327/284 1718/327/284
f 1050/427/285 1049/430/265 1637/430/265
f 1128/325/286 1127/328/267 1715/328/267
f 808/44/281 807/42/287 1395/42/287
f 947/147/276 946/145/288 1534/145/288
f 768/41/289 767/43/273 1355/43/273
f 635/534/277 634/533/290 1222/533/291
f 940/144/292 939/146/278 1527/146/278
f 1110/429/280 1109/428/293 1697/428/293
f 1130/327/284 1129/326/294 1717/326/294
f 634/533/290 633/531/295 1221/531/295
f 1109/428/293 1108/426/296 1696/426/296
f 807/42/287 806/40/297 1394/40/297
f 691/530/298 690/532/282 1278/532/299
f 946/145/288 945/141/300 1533/141/300
f 1051/425/301 1050/427/285 1638/427/285
f 769/39/302 768/41/289 1356/41/289
f 941/140/303 940/144/292 1528/144/292
f 1129/326/294 1128/325/286 1716/325/286
f 633/531/295 632/529/304 1220/529/304
f 865/137/305 864/143/262 1452/143/262
f 1108/426/296 1107/424/306 1695/424/306
f 806/40/297 805/38/307 1393/38/307
f 692/527/308 691/530/298 1279/530/298
f 1076/324/249 1075/322/309 1663/322/309
f 1052/409/310 1051/425/301 1639/425/301
f 770/37/311 769/39/302 1357/39/312
f 1062/321/313 1061/323/274 1649/323/274
f 878/142/271 877/135/314 1465/135/314
f 632/529/304 631/528/315 1219/528/315
f 1107/424/306 1106/417/316 1694/417/316
f 805/38/307 804/36/317 1392/36/317
f 945/141/300 944/139/318 1532/139/318
f 1075/322/309 1074/320/319 1662/320/320
f 1094/421/321 1093/423/322 1681/423/322
f 771/35/323 770/37/311 1358/37/311
f 631/528/315 630/526/324 1218/526/324
f 942/138/325 941/140/303 1529/140/303
f 1063/319/326 1062/321/313 1650/321/313
f 1093/423/322 1092/422/327 1680/422/328
f 693/523/329 692/527/308 1280/527/308
f 1092/422/327 1091/418/330 1679/418/330
f 804/36/317 803/34/331 1391/34/331
f 944/139/318 943/136/168 1531/136/168
f 1074/320/319 1073/318/332 1661/318/332
f 1095/420/333 1094/421/321 1682/421/321
f 772/33/334 771/35/323 1359/35/323
f 630/526/324 629/525/335 1217/525/335
f 943/136/168 942/138/325 1530/138/325
f 1064/317/336 1063/319/326 1651/319/326
f 1096/419/337 1095/420/333 1683/420/333
f 629/525/335 628/524/338 1216/524/338
f 866/134/339 865/137/305 1453/137/305
f 803/34/331 802/32/340 1390/32/340
f 1073/318/332 1072/316/341 1660/316/342
f 1097/416/343 1096/419/337 1684/419/337
f 773/31/344 772/33/334 1360/33/334
f 628/524/338 627/522/345 1215/522/345
f 1065/315/346 1064/317/336 1652/317/336
f 694/521/347 693/523/329 1281/523/348
f 1091/418/330 1090/413/349 1678/413/349
f 802/32/340 801/30/350 1389/30/350
f 877/135/314 876/133/351 1464/133/351
f 1072/316/341 1071/314/352 1659/314/352
f 774/28/353 773/31/344 1361/31/344
f 627/522/345 626/513/354 1214/513/354
f 867/131/355 866/134/339 1454/134/339
f 1066/313/356 1065/315/346 1653/315/346
f 1106/417/316 1105/407/357 1693/407/357
f 695/520/358 694/521/347 1282/521/347
f 1098/415/359 1097/416/343 1685/416/343
f 801/30/350 800/29/360 1388/29/360
f 696/519/361 695/520/358 1283/520/358
f 876/133/351 875/132/362 1463/132/362
f 1071/314/352 1070/312/363 1658/312/363
f 1099/414/364 1098/415/359 1686/415/359
f 1067/310/365 1066/313/356 1654/313/356
f 800/29/360 799/27/366 1387/27/366
f 697/518/367 696/519/361 1284/519/361
f 875/132/362 874/130/368 1462/130/368
f 990/235/208 989/234/369 1577/234/369
f 1100/412/370 1099/414/364 1687/414/364
f 775/25/371 774/28/353 1362/28/353
f 868/129/372 867/131/355 1455/131/355
f 698/517/373 697/518/367 1285/518/367
f 989/234/369 988/232/374 1576/232/374
f 1070/312/363 1069/309/375 1657/309/375
f 976/230/376 975/233/215 1563/233/215
f 1068/311/377 1067/310/365 1655/310/365
f 1090/413/349 1089/408/378 1677/408/379
f 799/27/366 798/26/380 1386/26/380
f 699/516/381 698/517/373 1286/517/373
f 874/130/368 873/128/382 1461/128/382
f 1101/411/383 1100/412/370 1688/412/370
f 869/127/384 868/129/372 1456/129/372
f 1069/309/375 1068/311/377 1656/311/377
f 798/26/380 797/24/385 1385/24/385
f 700/515/386 699/516/387 1287/516/387
f 988/232/374 987/231/388 1575/231/389
f 1043/304/168 1042/308/168 1630/308/168
f 1102/410/390 1101/411/383 1689/411/383
f 776/22/391 775/25/371 1363/25/371
f 1042/308/112 1041/307/112 1629/307/112
f 701/514/392 700/515/386 1288/515/386
f 873/128/382 872/124/393 1460/124/393
f 987/231/388 986/229/394 1574/229/394
f 1103/406/395 1102/410/390 1690/410/390
f 870/125/396 869/127/384 1457/127/384
f 977/227/397 976/230/376 1564/230/376
f 1041/307/398 1040/306/399 1628/306/399
f 797/24/385 796/23/400 1384/23/400
f 702/511/401 701/514/392 1289/514/402
f 1053/402/403 1052/409/310 1640/409/310
f 871/126/235 870/125/396 1458/125/396
f 1040/306/399 1039/305/404 1627/305/404
f 796/23/400 795/21/405 1383/21/405
f 986/229/394 985/228/406 1573/228/406
f 777/17/407 776/22/391 1364/22/391
f 626/513/112 625/512/112 1213/512/112
f 872/124/393 871/126/235 1459/126/235
f 1039/305/404 1038/302/408 1626/302/408
f 1089/408/378 1088/404/409 1676/404/409
f 857/122/102 856/123/102 1444/123/102
f 985/228/406 984/226/410 1572/226/410
f 955/303/102 1043/304/102 1631/304/102
f 625/512/411 624/510/412 1212/510/412
f 856/123/168 855/118/168 1443/118/168
f 978/225/413 977/227/397 1565/227/397
f 1105/407/357 1104/405/414 1692/405/414
f 795/21/405 794/20/415 1382/20/415
f 703/507/416 702/511/401 1290/511/401
f 858/121/235 857/122/235 1445/122/235
f 956/300/235 955/303/235 1543/303/235
f 1104/405/417 1103/406/395 1691/406/395
f 794/20/415 793/19/418 1381/19/418
f 853/119/102 858/121/102 1446/121/102
f 984/226/410 983/224/419 1571/224/419
f 624/510/412 623/509/420 1211/509/420
f 979/221/421 978/225/413 1566/225/413
f 1038/302/408 1037/301/422 1625/301/422
f 793/19/418 792/18/423 1380/18/423
f 854/120/235 853/119/235 1441/119/235
f 623/509/420 622/508/424 1210/508/424
f 1037/301/422 1036/299/425 1624/299/425
f 1088/404/409 1087/403/426 1675/403/426
f 792/18/423 791/16/427 1379/16/427
f 855/118/112 854/120/112 1442/120/112
f 983/224/419 982/223/428 1570/223/428
f 957/298/429 956/300/430 1544/300/430
f 778/13/431 777/17/407 1365/17/407
f 622/508/424 621/506/432 1209/506/432
f 849/111/168 848/117/168 1436/117/168
f 1087/403/426 1086/401/433 1674/401/433
f 704/505/434 703/507/416 1291/507/416
f 848/117/435 847/115/435 1435/115/435
f 982/223/428 981/220/436 1569/220/436
f 1054/388/437 1053/402/403 1641/402/403
f 846/114/438 845/116/438 1433/116/438
f 980/222/439 979/221/421 1567/221/421
f 1036/299/425 1035/297/440 1623/297/440
f 791/16/427 790/15/441 1378/15/441
f 845/116/168 844/107/168 1432/107/168
f 958/296/442 957/298/429 1545/298/429
f 621/506/432 620/504/443 1208/504/443
f 981/220/436 980/222/439 1568/222/439
f 1086/401/433 1085/395/444 1673/395/444
f 790/15/441 789/12/445 1377/12/445
f 705/502/446 704/505/434 1292/505/447
f 896/218/448 895/219/168 1483/219/168
f 788/2/102 814/14/102 1402/14/102
f 847/115/168 846/114/168 1434/114/168
f 895/219/168 894/217/449 1482/217/449
f 1035/297/440 1034/295/450 1622/295/450
f 852/112/235 851/113/235 1439/113/235
f 897/216/451 896/218/448 1484/218/448
f 959/293/452 958/296/442 1546/296/442
f 1165/399/453 1164/400/454 1752/400/454
f 779/11/455 778/13/431 1366/13/431
f 620/504/443 619/503/456 1207/503/456
f 1164/400/454 1163/398/457 1751/398/457
f 619/503/456 618/501/458 1206/501/458
f 894/217/449 893/215/459 1481/215/459
f 1034/295/450 1033/294/460 1621/294/460
f 1166/396/461 1165/399/453 1753/399/453
f 789/12/445 788/2/168 1376/2/168
f 706/500/462 705/502/446 1293/502/446
f 898/214/463 897/216/451 1485/216/451
f 780/10/464 779/11/455 1367/11/455
f 851/113/465 850/110/465 1438/110/465
f 1033/294/460 1032/292/466 1620/292/467
f 850/110/468 852/112/468 1440/112/468
f 960/291/469 959/293/452 1547/293/452
f 1163/398/457 1162/397/470 1750/397/470
f 781/9/471 780/10/464 1368/10/464
f 618/501/458 617/499/472 1205/499/472
f 893/215/459 892/213/473 1480/213/473
f 707/498/474 706/500/462 1294/500/475
f 842/108/476 849/111/476 1437/111/476
f 899/212/477 898/214/463 1486/214/463
f 1162/397/470 1161/394/478 1749/394/478
f 782/8/479 781/9/471 1369/9/471
f 1032/292/466 1031/290/480 1619/290/480
f 1167/393/481 1166/396/461 1754/396/461
f 961/289/482 960/291/469 1548/291/469
f 783/7/483 782/8/479 1370/8/479
f 617/499/472 616/497/484 1204/497/484
f 892/213/473 891/211/485 1479/211/485
f 708/496/486 707/498/474 1295/498/474
f 843/109/235 842/108/235 1430/108/235
f 900/209/487 899/212/477 1487/212/477
f 1085/395/444 1084/384/488 1672/384/488
f 784/6/489 783/7/483 1371/7/483
f 1031/290/480 1030/288/490 1618/288/491
f 844/107/492 843/109/492 1431/109/492
f 962/286/493 961/289/482 1549/289/494
f 1161/394/478 1160/392/495 1748/392/495
f 785/5/496 784/6/489 1372/6/497
f 616/497/484 615/495/498 1203/495/498
f 738/105/499 737/106/500 1325/106/500
f 891/211/485 890/208/501 1478/208/501
f 1168/390/502 1167/393/481 1755/393/481
f 709/494/503 708/496/486 1296/496/486
f 737/106/500 736/1/168 1324/1/168
f 786/4/504 785/5/496 1373/5/496
f 739/104/505 738/105/499 1326/105/499
f 920/207/506 919/210/235 1507/210/235
f 1030/288/490 1029/287/507 1617/287/507
f 1160/392/495 1159/391/508 1747/391/508
f 787/3/235 786/4/504 1374/4/504
f 615/495/498 614/493/509 1202/493/509
f 740/103/510 739/104/505 1327/104/505
f 1029/287/507 1028/285/511 1616/285/511
f 710/491/512 709/494/503 1297/494/513
f 919/210/235 918/206/514 1506/206/514
f 963/283/515 962/286/493 1550/286/493
f 1159/391/508 1158/389/516 1746/389/516
f 741/102/517 740/103/510 1328/103/510
f 901/201/518 900/209/487 1488/209/487
f 1169/386/519 1168/390/502 1756/390/502
f 736/1/112 787/3/112 1375/3/112
f 614/493/509 613/492/520 1201/492/520
f 742/101/521 741/102/517 1329/102/517
f 1028/285/511 1027/284/522 1615/284/522
f 890/208/501 889/200/523 1477/200/523
f 1158/389/516 1157/387/524 1745/387/525
f 613/492/520 612/490/526 1200/490/526
f 743/100/527 742/101/521 1330/101/521
f 921/205/528 920/207/506 1508/207/506
f 1027/284/522 1026/282/529 1614/282/529
f 1055/373/158 1054/388/437 1642/388/437
f 711/488/530 710/491/512 1298/491/512
f 964/279/531 963/283/515 1551/283/515
f 744/97/532 743/100/527 1331/100/527
f 918/206/514 917/204/533 1505/204/533
f 1157/387/524 1156/385/534 1744/385/535
f 612/490/526 611/489/536 1199/489/536
f 922/203/537 921/205/528 1509/205/528
f 1026/282/529 1025/281/538 1613/281/539
f 1170/382/540 1169/386/519 1757/386/519
f 841/64/235 840/99/541 1428/99/541
f 611/489/536 610/487/542 1198/487/543
f 1025/281/538 1024/280/544 1612/280/544
f 712/485/545 711/488/530 1299/488/530
f 917/204/533 916/202/546 1504/202/546
f 1156/385/534 1155/383/547 1743/383/547
f 840/99/541 839/98/548 1427/98/548
f 923/199/549 922/203/537 1510/203/537
f 1024/280/544 1023/278/550 1611/278/550
f 965/276/551 964/279/531 1552/279/531
f 1084/384/488 1083/377/552 1671/377/552
f 610/487/542 609/486/553 1197/486/553
f 839/98/548 838/96/554 1426/96/554
f 745/93/555 744/97/532 1332/97/532
f 916/202/546 915/198/556 1503/198/556
f 1155/383/547 1154/381/557 1742/381/557
f 609/486/553 608/484/558 1196/484/559
f 902/195/560 901/201/518 1489/201/518
f 1023/278/550 1022/277/561 1610/277/562
f 1171/380/563 1170/382/540 1758/382/564
f 713/481/565 712/485/545 1300/485/545
f 675/587/566 674/588/567 1262/588/567
f 838/96/554 837/95/568 1425/95/568
f 674/588/567 673/586/569 1261/586/569
f 1022/277/561 1021/275/570 1609/275/570
f 676/584/571 675/587/566 1263/587/566
f 889/200/523 888/194/572 1476/194/573
f 966/273/574 965/276/551 1553/276/551
f 1154/381/557 1153/379/575 1741/379/576
f 608/484/558 607/483/577 1195/483/577
f 837/95/568 836/94/578 1424/94/578
f 924/197/579 923/199/549 1511/199/549
f 1172/376/580 1171/380/563 1759/380/563
f 607/483/577 606/482/581 1194/482/581
f 836/94/578 835/92/582 1423/92/582
f 673/586/569 672/585/583 1260/585/583
f 1021/275/570 1020/274/584 1608/274/584
f 746/90/585 745/93/555 1333/93/555
f 915/198/556 914/196/586 1502/196/586
f 1153/379/587 1152/378/588 1740/378/589
f 606/482/581 605/480/590 1193/480/590
f 672/585/583 671/583/591 1259/583/591
f 925/193/592 924/197/579 1512/197/579
f 1020/274/584 1019/272/593 1607/272/593
f 714/477/594 713/481/565 1301/481/565
f 677/580/595 676/584/571 1264/584/571
f 967/270/596 966/273/574 1554/273/574
f 1152/378/588 1151/375/597 1739/375/598
f 835/92/582 834/91/599 1422/91/599
f 914/196/586 913/192/600 1501/192/600
f 1083/377/552 1082/366/52 1670/366/52
f 605/480/590 604/479/601 1192/479/601
f 834/91/599 833/89/602 1421/89/603
f 671/583/591 670/582/604 1258/582/604
f 903/191/605 902/195/560 1490/195/560
f 1019/272/593 1018/271/606 1606/271/606
f 1173/371/607 1172/376/580 1760/376/580
f 747/87/608 746/90/585 1334/90/585
f 604/479/601 603/478/609 1191/478/609
f 670/582/604 669/581/610 1257/581/610
f 1018/271/606 1017/269/611 1605/269/611
f 888/194/572 887/190/9 1475/190/9
f 968/267/612 967/270/596 1555/270/596
f 1151/375/597 1150/374/613 1738/374/613
f 603/478/609 602/476/614 1190/476/614
f 833/89/602 832/88/615 1420/88/615
f 669/581/610 668/579/616 1256/579/616
f 926/189/12 925/193/592 1513/193/592
f 715/474/3 714/477/594 1302/477/594
f 678/577/8 677/580/595 1265/580/595
f 1150/374/613 1149/372/617 1737/372/618
f 832/88/615 831/86/619 1419/86/619
f 1017/269/611 1016/268/620 1604/268/621
f 1056/360/90 1055/373/158 1643/373/158
f 748/85/5 747/87/608 1335/87/608
f 913/192/600 912/188/25 1500/188/622
f 602/476/614 601/475/103 1189/475/103
f 668/579/616 667/578/623 1255/578/623
f 904/185/47 903/191/605 1491/191/605
f 1016/268/620 1015/266/13 1603/266/13
f 969/264/28 968/267/612 1556/267/612
f 1149/372/617 1148/370/15 1736/370/624
f 7/466/1 595/466/1 596/468/1
f 556/364/1 1144/364/1 1145/365/1
f 274/157/1 862/157/1 863/151/1
f 93/571/1 681/571/1 682/565/1
f 176/53/1 764/53/1 765/48/1
f 8/468/1 596/468/1 597/469/1
f 493/359/1 1081/359/1 1082/366/1
f 382/261/1 970/261/1 971/257/1
f 347/158/1 935/158/1 936/154/1
f 92/572/1 680/572/1 681/571/1
f 423/260/1 1011/260/1 1012/262/1
f 362/155/1 950/155/1 951/159/1
f 175/54/1 763/54/1 764/53/1
f 91/573/1 679/573/1 680/572/1
f 128/470/1 716/470/1 717/467/1
f 586/367/1 1174/367/1 1175/361/1
f 424/262/1 1012/262/1 1013/263/1
f 292/156/1 880/156/1 881/160/1
f 75/548/1 663/548/1 664/574/1
f 174/55/1 762/55/1 763/54/1
f 9/469/1 597/469/1 598/471/1
f 557/365/1 1145/365/1 1146/368/1
f 76/574/1 664/574/1 665/575/1
f 173/56/1 761/56/1 762/55/1
f 10/471/1 598/471/1 599/472/1
f 558/368/1 1146/368/1 1147/369/1
f 381/264/1 969/264/1 970/261/1
f 273/161/1 861/161/1 862/157/1
f 425/263/1 1013/263/1 1014/265/1
f 77/575/1 665/575/1 666/576/1
f 172/57/1 760/57/1 761/56/1
f 11/472/1 599/472/1 600/473/1
f 559/369/1 1147/369/1 1148/370/1
f 346/162/1 934/162/1 935/158/1
f 426/265/1 1014/265/1 1015/266/1
f 363/159/1 951/159/1 952/163/1
f 171/58/1 759/58/1 760/57/1
f 90/577/1 678/577/1 679/573/1
f 127/474/1 715/474/1 716/470/1
f 585/371/1 1173/371/1 1174/367/1
f 78/576/1 666/576/1 667/578/1
f 170/59/1 758/59/1 759/58/1
f 12/473/1 600/473/1 601/475/1
f 560/370/1 1148/370/1 1149/372/1
f 380/267/1 968/267/1 969/264/1
f 345/164/1 933/164/1 934/162/1
f 427/266/1 1015/266/1 1016/268/1
f 364/163/1 952/163/1 953/165/1
f 79/578/1 667/578/1 668/579/1
f 169/60/1 757/60/1 758/59/1
f 13/475/1 601/475/1 602/476/1
f 467/373/1 1055/373/1 1056/360/1
f 428/268/1 1016/268/1 1017/269/1
f 293/160/1 881/160/1 882/166/1
f 168/61/1 756/61/1 757/60/1
f 561/372/1 1149/372/1 1150/374/1
f 89/580/1 677/580/1 678/577/1
f 227/52/1 815/52/1 816/62/1
f 126/477/1 714/477/1 715/474/1
f 80/579/1 668/579/1 669/581/1
f 14/476/1 602/476/1 603/478/1
f 562/374/1 1150/374/1 1151/375/1
f 379/270/1 967/270/1 968/267/1
f 272/167/1 860/167/1 861/161/1
f 429/269/1 1017/269/1 1018/271/1
f 81/581/1 669/581/1 670/582/1
f 167/63/1 755/63/1 756/61/1
f 15/478/1 603/478/1 604/479/1
f 344/168/1 932/168/1 933/164/1
f 584/376/1 1172/376/1 1173/371/1
f 430/271/1 1018/271/1 1019/272/1
f 365/165/1 953/165/1 954/169/1
f 82/582/1 670/582/1 671/583/1
f 253/64/1 841/64/1 815/52/1
f 16/479/1 604/479/1 605/480/1
f 494/366/1 1082/366/1 1083/377/1
f 228/62/1 816/62/1 817/65/1
f 294/166/1 882/166/1 883/170/1
f 563/375/1 1151/375/1 1152/378/1
f 378/273/1 966/273/1 967/270/1
f 88/584/1 676/584/1 677/580/1
f 229/65/1 817/65/1 818/66/1
f 125/481/1 713/481/1 714/477/1
f 431/272/1 1019/272/1 1020/274/1
f 83/583/1 671/583/1 672/585/1
f 17/480/1 605/480/1 606/482/1
f 564/378/1 1152/378/1 1153/379/1
f 271/171/1 859/171/1 860/167/1
f 230/66/1 818/66/1 819/67/1
f 432/274/1 1020/274/1 1021/275/1
f 84/585/1 672/585/1 673/586/1
f 18/482/1 606/482/1 607/483/1
f 343/172/1 931/172/1 932/168/1
f 583/380/1 1171/380/1 1172/376/1
f 366/169/1 954/169/1 907/173/1
f 166/68/1 754/68/1 755/63/1
f 19/483/1 607/483/1 608/484/1
f 565/379/1 1153/379/1 1154/381/1
f 377/276/1 965/276/1 966/273/1
f 87/587/1 675/587/1 676/584/1
f 231/67/1 819/67/1 820/69/1
f 433/275/1 1021/275/1 1022/277/1
f 295/170/1 883/170/1 884/174/1
f 85/586/1 673/586/1 674/588/1
f 86/588/1 674/588/1 675/587/1
f 232/69/1 820/69/1 821/70/1
f 124/485/1 712/485/1 713/481/1
f 582/382/1 1170/382/1 1171/380/1
f 434/277/1 1022/277/1 1023/278/1
f 20/484/1 608/484/1 609/486/1
f 566/381/1 1154/381/1 1155/383/1
f 342/175/1 930/175/1 931/172/1
f 319/173/1 907/173/1 908/176/1
f 165/71/1 753/71/1 754/68/1
f 21/486/1 609/486/1 610/487/1
f 495/377/1 1083/377/1 1084/384/1
f 376/279/1 964/279/1 965/276/1
f 233/70/1 821/70/1 822/72/1
f 435/278/1 1023/278/1 1024/280/1
f 567/383/1 1155/383/1 1156/385/1
f 318/177/1 906/177/1 859/171/1
f 234/72/1 822/72/1 823/73/1
f 123/488/1 711/488/1 712/485/1
f 436/280/1 1024/280/1 1025/281/1
f 22/487/1 610/487/1 611/489/1
f 341/178/1 929/178/1 930/175/1
f 581/386/1 1169/386/1 1170/382/1
f 437/281/1 1025/281/1 1026/282/1
f 320/176/1 908/176/1 909/179/1
f 164/74/1 752/74/1 753/71/1
f 23/489/1 611/489/1 612/490/1
f 568/385/1 1156/385/1 1157/387/1
f 235/73/1 823/73/1 824/75/1
f 296/174/1 884/174/1 885/180/1
f 375/283/1 963/283/1 964/279/1
f 236/75/1 824/75/1 825/76/1
f 122/491/1 710/491/1 711/488/1
f 466/388/1 1054/388/1 1055/373/1
f 438/282/1 1026/282/1 1027/284/1
f 24/490/1 612/490/1 613/492/1
f 569/387/1 1157/387/1 1158/389/1
f 317/181/1 905/181/1 906/177/1
f 439/284/1 1027/284/1 1028/285/1
f 163/77/1 751/77/1 752/74/1
f 25/492/1 613/492/1 614/493/1
f 340/182/1 928/182/1 929/178/1
f 237/76/1 825/76/1 826/78/1
f 580/390/1 1168/390/1 1169/386/1
f 321/179/1 909/179/1 910/183/1
f 570/389/1 1158/389/1 1159/391/1
f 374/286/1 962/286/1 963/283/1
f 121/494/1 709/494/1 710/491/1
f 440/285/1 1028/285/1 1029/287/1
f 297/180/1 885/180/1 886/184/1
f 162/79/1 750/79/1 751/77/1
f 26/493/1 614/493/1 615/495/1
f 571/391/1 1159/391/1 1160/392/1
f 238/78/1 826/78/1 827/80/1
f 441/287/1 1029/287/1 1030/288/1
f 316/185/1 904/185/1 905/181/1
f 239/80/1 827/80/1 828/81/1
f 120/496/1 708/496/1 709/494/1
f 579/393/1 1167/393/1 1168/390/1
f 322/183/1 910/183/1 911/186/1
f 27/495/1 615/495/1 616/497/1
f 572/392/1 1160/392/1 1161/394/1
f 373/289/1 961/289/1 962/286/1
f 442/288/1 1030/288/1 1031/290/1
f 161/82/1 749/82/1 750/79/1
f 496/384/1 1084/384/1 1085/395/1
f 339/187/1 927/187/1 928/182/1
f 240/81/1 828/81/1 829/83/1
f 119/498/1 707/498/1 708/496/1
f 323/186/1 911/186/1 912/188/1
f 28/497/1 616/497/1 617/499/1
f 372/291/1 960/291/1 961/289/1
f 241/83/1 829/83/1 830/84/1
f 578/396/1 1166/396/1 1167/393/1
f 443/290/1 1031/290/1 1032/292/1
f 573/394/1 1161/394/1 1162/397/1
f 338/189/1 926/189/1 927/187/1
f 118/500/1 706/500/1 707/498/1
f 298/184/1 886/184/1 887/190/1
f 160/85/1 748/85/1 749/82/1
f 29/499/1 617/499/1 618/501/1
f 574/397/1 1162/397/1 1163/398/1
f 371/293/1 959/293/1 960/291/1
f 242/84/1 830/84/1 831/86/1
f 444/292/1 1032/292/1 1033/294/1
f 315/191/1 903/191/1 904/185/1
f 117/502/1 705/502/1 706/500/1
f 577/399/1 1165/399/1 1166/396/1
f 445/294/1 1033/294/1 1034/295/1
f 324/188/1 912/188/1 913/192/1
f 159/87/1 747/87/1 748/85/1
f 30/501/1 618/501/1 619/503/1
f 575/398/1 1163/398/1 1164/400/1
f 243/86/1 831/86/1 832/88/1
f 31/503/1 619/503/1 620/504/1
f 576/400/1 1164/400/1 1165/399/1
f 370/296/1 958/296/1 959/293/1
f 337/193/1 925/193/1 926/189/1
f 244/88/1 832/88/1 833/89/1
f 446/295/1 1034/295/1 1035/297/1
f 299/190/1 887/190/1 888/194/1
f 116/505/1 704/505/1 705/502/1
f 497/395/1 1085/395/1 1086/401/1
f 158/90/1 746/90/1 747/87/1
f 32/504/1 620/504/1 621/506/1
f 369/298/1 957/298/1 958/296/1
f 314/195/1 902/195/1 903/191/1
f 245/89/1 833/89/1 834/91/1
f 447/297/1 1035/297/1 1036/299/1
f 325/192/1 913/192/1 914/196/1
f 465/402/1 1053/402/1 1054/388/1
f 246/91/1 834/91/1 835/92/1
f 115/507/1 703/507/1 704/505/1
f 498/401/1 1086/401/1 1087/403/1
f 33/506/1 621/506/1 622/508/1
f 368/300/1 956/300/1 957/298/1
f 336/197/1 924/197/1 925/193/1
f 499/403/1 1087/403/1 1088/404/1
f 448/299/1 1036/299/1 1037/301/1
f 326/196/1 914/196/1 915/198/1
f 157/93/1 745/93/1 746/90/1
f 34/508/1 622/508/1 623/509/1
f 247/92/1 835/92/1 836/94/1
f 449/301/1 1037/301/1 1038/302/1
f 35/509/1 623/509/1 624/510/1
f 335/199/1 923/199/1 924/197/1
f 248/94/1 836/94/1 837/95/1
f 300/194/1 888/194/1 889/200/1
f 515/406/1 1103/406/1 1104/405/1
f 367/303/1 955/303/1 956/300/1
f 249/95/1 837/95/1 838/96/1
f 114/511/1 702/511/1 703/507/1
f 516/405/1 1104/405/1 1105/407/1
f 36/510/1 624/510/1 625/512/1
f 455/304/1 1043/304/1 955/303/1
f 313/201/1 901/201/1 902/195/1
f 500/404/1 1088/404/1 1089/408/1
f 450/302/1 1038/302/1 1039/305/1
f 327/198/1 915/198/1 916/202/1
f 156/97/1 744/97/1 745/93/1
f 37/512/1 625/512/1 626/513/1
f 250/96/1 838/96/1 839/98/1
f 451/305/1 1039/305/1 1040/306/1
f 464/409/1 1052/409/1 1053/402/1
f 334/203/1 922/203/1 923/199/1
f 251/98/1 839/98/1 840/99/1
f 113/514/1 701/514/1 702/511/1
f 452/306/1 1040/306/1 1041/307/1
f 328/202/1 916/202/1 917/204/1
f 514/410/1 1102/410/1 1103/406/1
f 112/515/1 700/515/1 701/514/1
f 453/307/1 1041/307/1 1042/308/1
f 252/99/1 840/99/1 841/64/1
f 513/411/1 1101/411/1 1102/410/1
f 454/308/1 1042/308/1 1043/304/1
f 333/205/1 921/205/1 922/203/1
f 111/516/1 699/516/1 700/515/1
f 480/311/1 1068/311/1 1069/309/1
f 329/204/1 917/204/1 918/206/1
f 512/412/1 1100/412/1 1101/411/1
f 155/100/1 743/100/1 744/97/1
f 110/517/1 698/517/1 699/516/1
f 501/408/1 1089/408/1 1090/413/1
f 479/310/1 1067/310/1 1068/311/1
f 481/309/1 1069/309/1 1070/312/1
f 332/207/1 920/207/1 921/205/1
f 154/101/1 742/101/1 743/100/1
f 109/518/1 697/518/1 698/517/1
f 301/200/1 889/200/1 890/208/1
f 511/414/1 1099/414/1 1100/412/1
f 153/102/1 741/102/1 742/101/1
f 108/519/1 696/519/1 697/518/1
f 199/3/1 787/3/1 736/1/1
f 478/313/1 1066/313/1 1067/310/1
f 510/415/1 1098/415/1 1099/414/1
f 482/312/1 1070/312/1 1071/314/1
f 312/209/1 900/209/1 901/201/1
f 152/103/1 740/103/1 741/102/1
f 107/520/1 695/520/1 696/519/1
f 330/206/1 918/206/1 919/210/1
f 509/416/1 1097/416/1 1098/415/1
f 151/104/1 739/104/1 740/103/1
f 106/521/1 694/521/1 695/520/1
f 198/4/1 786/4/1 787/3/1
f 517/407/1 1105/407/1 1106/417/1
f 477/315/1 1065/315/1 1066/313/1
f 38/513/1 626/513/1 627/522/1
f 483/314/1 1071/314/1 1072/316/1
f 331/210/1 919/210/1 920/207/1
f 150/105/1 738/105/1 739/104/1
f 197/5/1 785/5/1 786/4/1
f 502/413/1 1090/413/1 1091/418/1
f 148/1/1 736/1/1 737/106/1
f 302/208/1 890/208/1 891/211/1
f 149/106/1 737/106/1 738/105/1
f 105/523/1 693/523/1 694/521/1
f 196/6/1 784/6/1 785/5/1
f 476/317/1 1064/317/1 1065/315/1
f 255/109/1 843/109/1 844/107/1
f 39/522/1 627/522/1 628/524/1
f 508/419/1 1096/419/1 1097/416/1
f 484/316/1 1072/316/1 1073/318/1
f 195/7/1 783/7/1 784/6/1
f 311/212/1 899/212/1 900/209/1
f 254/108/1 842/108/1 843/109/1
f 40/524/1 628/524/1 629/525/1
f 507/420/1 1095/420/1 1096/419/1
f 303/211/1 891/211/1 892/213/1
f 194/8/1 782/8/1 783/7/1
f 475/319/1 1063/319/1 1064/317/1
f 41/525/1 629/525/1 630/526/1
f 506/421/1 1094/421/1 1095/420/1
f 485/318/1 1073/318/1 1074/320/1
f 193/9/1 781/9/1 782/8/1
f 503/418/1 1091/418/1 1092/422/1
f 310/214/1 898/214/1 899/212/1
f 261/111/1 849/111/1 842/108/1
f 304/213/1 892/213/1 893/215/1
f 104/527/1 692/527/1 693/523/1
f 192/10/1 780/10/1 781/9/1
f 504/422/1 1092/422/1 1093/423/1
f 474/321/1 1062/321/1 1063/319/1
f 264/112/1 852/112/1 850/110/1
f 42/526/1 630/526/1 631/528/1
f 505/423/1 1093/423/1 1094/421/1
f 486/320/1 1074/320/1 1075/322/1
f 262/110/1 850/110/1 851/113/1
f 191/11/1 779/11/1 780/10/1
f 518/417/1 1106/417/1 1107/424/1
f 309/216/1 897/216/1 898/214/1
f 43/528/1 631/528/1 632/529/1
f 200/2/1 788/2/1 789/12/1
f 305/215/1 893/215/1 894/217/1
f 473/323/1 1061/323/1 1062/321/1
f 463/425/1 1051/425/1 1052/409/1
f 487/322/1 1075/322/1 1076/324/1
f 103/530/1 691/530/1 692/527/1
f 190/13/1 778/13/1 779/11/1
f 519/424/1 1107/424/1 1108/426/1
f 308/218/1 896/218/1 897/216/1
f 263/113/1 851/113/1 852/112/1
f 44/529/1 632/529/1 633/531/1
f 306/217/1 894/217/1 895/219/1
f 258/114/1 846/114/1 847/115/1
f 226/14/1 814/14/1 788/2/1
f 540/325/1 1128/325/1 1129/326/1
f 307/219/1 895/219/1 896/218/1
f 201/12/1 789/12/1 790/15/1
f 462/427/1 1050/427/1 1051/425/1
f 392/222/1 980/222/1 981/220/1
f 102/532/1 690/532/1 691/530/1
f 520/426/1 1108/426/1 1109/428/1
f 256/107/1 844/107/1 845/116/1
f 45/531/1 633/531/1 634/533/1
f 202/15/1 790/15/1 791/16/1
f 541/326/1 1129/326/1 1130/327/1
f 391/221/1 979/221/1 980/222/1
f 257/116/1 845/116/1 846/114/1
f 521/428/1 1109/428/1 1110/429/1
f 393/220/1 981/220/1 982/223/1
f 259/115/1 847/115/1 848/117/1
f 46/533/1 634/533/1 635/534/1
f 260/117/1 848/117/1 849/111/1
f 189/17/1 777/17/1 778/13/1
f 539/328/1 1127/328/1 1128/325/1
f 394/223/1 982/223/1 983/224/1
f 266/120/1 854/120/1 855/118/1
f 203/16/1 791/16/1 792/18/1
f 461/430/1 1049/430/1 1050/427/1
f 542/327/1 1130/327/1 1131/329/1
f 101/535/1 689/535/1 690/532/1
f 522/429/1 1110/429/1 1111/431/1
f 265/119/1 853/119/1 854/120/1
f 47/534/1 635/534/1 636/536/1
f 204/18/1 792/18/1 793/19/1
f 390/225/1 978/225/1 979/221/1
f 523/431/1 1111/431/1 1112/432/1
f 472/330/1 1060/330/1 1061/323/1
f 395/224/1 983/224/1 984/226/1
f 270/121/1 858/121/1 853/119/1
f 205/19/1 793/19/1 794/20/1
f 100/537/1 688/537/1 689/535/1
f 538/331/1 1126/331/1 1127/328/1
f 269/122/1 857/122/1 858/121/1
f 48/536/1 636/536/1 637/538/1
f 206/20/1 794/20/1 795/21/1
f 460/433/1 1048/433/1 1049/430/1
f 543/329/1 1131/329/1 1132/332/1
f 389/227/1 977/227/1 978/225/1
f 267/118/1 855/118/1 856/123/1
f 524/432/1 1112/432/1 1113/434/1
f 396/226/1 984/226/1 985/228/1
f 268/123/1 856/123/1 857/122/1
f 283/126/1 871/126/1 872/124/1
f 99/539/1 687/539/1 688/537/1
f 188/22/1 776/22/1 777/17/1
f 525/434/1 1113/434/1 1114/435/1
f 537/333/1 1125/333/1 1126/331/1
f 397/228/1 985/228/1 986/229/1
f 49/538/1 637/538/1 638/540/1
f 207/21/1 795/21/1 796/23/1
f 544/332/1 1132/332/1 1133/334/1
f 282/125/1 870/125/1 871/126/1
f 208/23/1 796/23/1 797/24/1
f 459/436/1 1047/436/1 1048/433/1
f 488/324/1 1076/324/1 1077/335/1
f 388/230/1 976/230/1 977/227/1
f 281/127/1 869/127/1 870/125/1
f 98/541/1 686/541/1 687/539/1
f 526/435/1 1114/435/1 1115/437/1
f 398/229/1 986/229/1 987/231/1
f 284/124/1 872/124/1 873/128/1
f 50/540/1 638/540/1 639/542/1
f 187/25/1 775/25/1 776/22/1
f 527/437/1 1115/437/1 1116/438/1
f 536/336/1 1124/336/1 1125/333/1
f 399/231/1 987/231/1 988/232/1
f 51/542/1 639/542/1 640/543/1
f 209/24/1 797/24/1 798/26/1
f 545/334/1 1133/334/1 1134/337/1
f 280/129/1 868/129/1 869/127/1
f 285/128/1 873/128/1 874/130/1
f 210/26/1 798/26/1 799/27/1
f 458/439/1 1046/439/1 1047/436/1
f 387/233/1 975/233/1 976/230/1
f 97/544/1 685/544/1 686/541/1
f 528/438/1 1116/438/1 1044/440/1
f 535/338/1 1123/338/1 1124/336/1
f 400/232/1 988/232/1 989/234/1
f 52/543/1 640/543/1 641/545/1
f 546/337/1 1134/337/1 1135/339/1
f 279/131/1 867/131/1 868/129/1
f 186/28/1 774/28/1 775/25/1
f 456/440/1 1044/440/1 1045/441/1
f 401/234/1 989/234/1 990/235/1
f 286/130/1 874/130/1 875/132/1
f 53/545/1 641/545/1 642/546/1
f 211/27/1 799/27/1 800/29/1
f 457/441/1 1045/441/1 1046/439/1
f 135/444/1 723/444/1 724/442/1
f 471/340/1 1059/340/1 1060/330/1
f 287/132/1 875/132/1 876/133/1
f 212/29/1 800/29/1 801/30/1
f 386/236/1 974/236/1 975/233/1
f 96/547/1 684/547/1 685/544/1
f 134/443/1 722/443/1 723/444/1
f 534/341/1 1122/341/1 1123/338/1
f 402/235/1 990/235/1 991/237/1
f 74/550/1 662/550/1 663/548/1
f 136/442/1 724/442/1 725/445/1
f 489/335/1 1077/335/1 1078/342/1
f 278/134/1 866/134/1 867/131/1
f 185/31/1 773/31/1 774/28/1
f 403/237/1 991/237/1 992/238/1
f 288/133/1 876/133/1 877/135/1
f 73/549/1 661/549/1 662/550/1
f 213/30/1 801/30/1 802/32/1
f 137/445/1 725/445/1 726/446/1
f 547/339/1 1135/339/1 1136/343/1
f 54/546/1 642/546/1 643/551/1
f 385/239/1 973/239/1 974/236/1
f 184/33/1 772/33/1 773/31/1
f 133/447/1 721/447/1 722/443/1
f 533/344/1 1121/344/1 1122/341/1
f 404/238/1 992/238/1 993/240/1
f 72/552/1 660/552/1 661/549/1
f 214/32/1 802/32/1 803/34/1
f 138/446/1 726/446/1 727/448/1
f 548/343/1 1136/343/1 1137/345/1
f 405/240/1 993/240/1 994/241/1
f 277/137/1 865/137/1 866/134/1
f 55/551/1 643/551/1 644/553/1
f 139/448/1 727/448/1 728/449/1
f 406/241/1 994/241/1 995/242/1
f 354/138/1 942/138/1 943/136/1
f 183/35/1 771/35/1 772/33/1
f 532/346/1 1120/346/1 1121/344/1
f 355/136/1 943/136/1 944/139/1
f 71/554/1 659/554/1 660/552/1
f 215/34/1 803/34/1 804/36/1
f 140/449/1 728/449/1 729/450/1
f 407/242/1 995/242/1 996/243/1
f 470/347/1 1058/347/1 1059/340/1
f 95/555/1 683/555/1 684/547/1
f 490/342/1 1078/342/1 1079/348/1
f 408/243/1 996/243/1 997/244/1
f 353/140/1 941/140/1 942/138/1
f 56/553/1 644/553/1 645/556/1
f 182/37/1 770/37/1 771/35/1
f 132/451/1 720/451/1 721/447/1
f 356/139/1 944/139/1 945/141/1
f 216/36/1 804/36/1 805/38/1
f 141/450/1 729/450/1 730/452/1
f 549/345/1 1137/345/1 1138/349/1
f 409/244/1 997/244/1 998/245/1
f 289/135/1 877/135/1 878/142/1
f 70/557/1 658/557/1 659/554/1
f 142/452/1 730/452/1 731/453/1
f 410/245/1 998/245/1 999/246/1
f 181/39/1 769/39/1 770/37/1
f 531/350/1 1119/350/1 1120/346/1
f 69/558/1 657/558/1 658/557/1
f 217/38/1 805/38/1 806/40/1
f 143/453/1 731/453/1 732/454/1
f 550/349/1 1138/349/1 1139/351/1
f 411/246/1 999/246/1 1000/247/1
f 276/143/1 864/143/1 865/137/1
f 57/556/1 645/556/1 646/559/1
f 412/247/1 1000/247/1 1001/248/1
f 352/144/1 940/144/1 941/140/1
f 180/41/1 768/41/1 769/39/1
f 131/455/1 719/455/1 720/451/1
f 530/352/1 1118/352/1 1119/350/1
f 357/141/1 945/141/1 946/145/1
f 68/560/1 656/560/1 657/558/1
f 218/40/1 806/40/1 807/42/1
f 144/454/1 732/454/1 733/456/1
f 491/348/1 1079/348/1 1080/353/1
f 413/248/1 1001/248/1 1002/249/1
f 58/559/1 646/559/1 647/561/1
f 145/456/1 733/456/1 734/457/1
f 414/249/1 1002/249/1 1003/250/1
f 351/146/1 939/146/1 940/144/1
f 179/43/1 767/43/1 768/41/1
f 469/354/1 1057/354/1 1058/347/1
f 358/145/1 946/145/1 947/147/1
f 67/562/1 655/562/1 656/560/1
f 219/42/1 807/42/1 808/44/1
f 551/351/1 1139/351/1 1140/355/1
f 415/250/1 1003/250/1 1004/251/1
f 130/458/1 718/458/1 719/455/1
f 66/563/1 654/563/1 655/562/1
f 220/44/1 808/44/1 809/45/1
f 146/457/1 734/457/1 735/459/1
f 350/148/1 938/148/1 939/146/1
f 59/561/1 647/561/1 648/564/1
f 529/356/1 1117/356/1 1118/352/1
f 416/251/1 1004/251/1 1005/252/1
f 359/147/1 947/147/1 948/149/1
f 147/459/1 735/459/1 589/460/1
f 552/355/1 1140/355/1 1141/357/1
f 178/46/1 766/46/1 767/43/1
f 1/460/1 589/460/1 590/461/1
f 290/142/1 878/142/1 879/150/1
f 94/565/1 682/565/1 683/555/1
f 221/45/1 809/45/1 810/47/1
f 384/253/1 972/253/1 973/239/1
f 2/461/1 590/461/1 591/462/1
f 588/358/1 1176/358/1 1117/356/1
f 417/252/1 1005/252/1 1006/254/1
f 65/566/1 653/566/1 654/563/1
f 492/353/1 1080/353/1 1081/359/1
f 275/151/1 863/151/1 864/143/1
f 60/564/1 648/564/1 649/567/1
f 177/48/1 765/48/1 766/46/1
f 3/462/1 591/462/1 592/463/1
f 418/254/1 1006/254/1 1007/255/1
f 222/47/1 810/47/1 811/49/1
f 349/152/1 937/152/1 938/148/1
f 4/463/1 592/463/1 593/464/1
f 468/360/1 1056/360/1 1057/354/1
f 419/255/1 1007/255/1 1008/256/1
f 360/149/1 948/149/1 949/153/1
f 64/568/1 652/568/1 653/566/1
f 223/49/1 811/49/1 812/50/1
f 587/361/1 1175/361/1 1176/358/1
f 63/569/1 651/569/1 652/568/1
f 224/50/1 812/50/1 813/51/1
f 5/464/1 593/464/1 594/465/1
f 553/357/1 1141/357/1 1142/362/1
f 383/257/1 971/257/1 972/253/1
f 348/154/1 936/154/1 937/152/1
f 61/567/1 649/567/1 650/570/1
f 420/256/1 1008/256/1 1009/258/1
f 361/153/1 949/153/1 950/155/1
f 6/465/1 594/465/1 595/466/1
f 554/362/1 1142/362/1 1143/363/1
f 421/258/1 1009/258/1 1010/259/1
f 291/150/1 879/150/1 880/156/1
f 62/570/1 650/570/1 651/569/1
f 555/363/1 1143/363/1 1144/364/1
f 225/51/1 813/51/1 814/14/1
f 129/467/1 717/467/1 718/458/1
f 422/259/1 1010/259/1 1011/260/1
f 1324/1/625 1375/3/625 1376/2/625
f 1376/2/625 1375/3/625 1374/4/625
f 1376/2/625 1374/4/625 1373/5/625
f 1376/2/625 1373/5/625 1372/6/625
f 1376/2/625 1372/6/625 1371/7/625
f 1376/2/625 1371/7/625 1370/8/625
f 1376/2/625 1370/8/625 1369/9/625
f 1376/2/625 1369/9/625 1368/10/625
f 1376/2/625 1368/10/625 1367/11/625
f 1376/2/625 1367/11/625 1377/12/625
f 1377/12/625 1367/11/625 1366/13/625
f 1324/1/625 1376/2/625 1402/14/625
f 1378/15/625 1377/12/625 1366/13/625
f 1379/16/625 1378/15/625 1366/13/625
f 1379/16/625 1366/13/625 1365/17/625
f 1380/18/625 1379/16/625 1365/17/625
f 1381/19/625 1380/18/625 1365/17/625
f 1382/20/625 1381/19/625 1365/17/625
f 1383/21/625 1382/20/625 1365/17/625
f 1383/21/625 1365/17/625 1364/22/625
f 1384/23/625 1383/21/625 1364/22/625
f 1385/24/625 1384/23/625 1364/22/625
f 1385/24/625 1364/22/625 1363/25/625
f 1386/26/625 1385/24/625 1363/25/625
f 1387/27/625 1386/26/625 1363/25/625
f 1387/27/625 1363/25/625 1362/28/625
f 1388/29/625 1387/27/625 1362/28/625
f 1389/30/625 1388/29/625 1362/28/625
f 1389/30/625 1362/28/625 1361/31/625
f 1390/32/625 1389/30/625 1361/31/625
f 1390/32/625 1361/31/625 1360/33/625
f 1391/34/625 1390/32/625 1360/33/625
f 1391/34/625 1360/33/625 1359/35/625
f 1392/36/625 1391/34/625 1359/35/625
f 1392/36/625 1359/35/625 1358/37/625
f 1393/38/625 1392/36/625 1358/37/625
f 1393/38/625 1358/37/625 1357/39/625
f 1394/40/625 1393/38/625 1357/39/625
f 1394/40/625 1357/39/625 1356/41/625
f 1395/42/625 1394/40/625 1356/41/625
f 1395/42/625 1356/41/625 1355/43/625
f 1396/44/625 1395/42/625 1355/43/625
f 1397/45/625 1396/44/625 1355/43/625
f 1397/45/625 1355/43/625 1354/46/625
f 1398/47/625 1397/45/625 1354/46/625
f 1398/47/625 1354/46/625 1353/48/625
f 1399/49/625 1398/47/625 1353/48/625
f 1400/50/625 1399/49/625 1353/48/625
f 1401/51/625 1400/50/625 1353/48/625
f 1324/1/625 1402/14/625 1403/52/625
f 1403/52/625 1402/14/625 1401/51/625
f 1403/52/625 1401/51/625 1353/48/625
f 1403/52/625 1353/48/625 1352/53/625
f 1403/52/625 1352/53/625 1351/54/625
f 1403/52/625 1351/54/625 1350/55/625
f 1403/52/625 1350/55/625 1349/56/625
f 1403/52/625 1349/56/625 1348/57/625
f 1403/52/625 1348/57/625 1347/58/625
f 1403/52/625 1347/58/625 1346/59/625
f 1403/52/625 1346/59/625 1345/60/625
f 1403/52/625 1345/60/625 1344/61/625
f 1403/52/625 1344/61/625 1404/62/625
f 1404/62/625 1344/61/625 1343/63/625
f 1324/1/625 1403/52/625 1429/64/625
f 1405/65/625 1404/62/625 1343/63/625
f 1406/66/625 1405/65/625 1343/63/625
f 1407/67/625 1406/66/625 1343/63/625
f 1407/67/625 1343/63/625 1342/68/625
f 1408/69/625 1407/67/625 1342/68/625
f 1409/70/625 1408/69/625 1342/68/625
f 1409/70/625 1342/68/625 1341/71/625
f 1410/72/625 1409/70/625 1341/71/625
f 1411/73/625 1410/72/625 1341/71/625
f 1411/73/625 1341/71/625 1340/74/625
f 1412/75/625 1411/73/625 1340/74/625
f 1413/76/625 1412/75/625 1340/74/625
f 1413/76/625 1340/74/625 1339/77/625
f 1414/78/625 1413/76/625 1339/77/625
f 1414/78/625 1339/77/625 1338/79/625
f 1415/80/625 1414/78/625 1338/79/625
f 1416/81/625 1415/80/625 1338/79/625
f 1416/81/625 1338/79/625 1337/82/625
f 1417/83/625 1416/81/625 1337/82/625
f 1418/84/625 1417/83/625 1337/82/625
f 1418/84/625 1337/82/625 1336/85/625
f 1419/86/625 1418/84/625 1336/85/625
f 1419/86/625 1336/85/625 1335/87/625
f 1420/88/625 1419/86/625 1335/87/625
f 1421/89/625 1420/88/625 1335/87/625
f 1421/89/625 1335/87/625 1334/90/625
f 1422/91/625 1421/89/625 1334/90/625
f 1423/92/625 1422/91/625 1334/90/625
f 1423/92/625 1334/90/625 1333/93/625
f 1424/94/625 1423/92/625 1333/93/625
f 1425/95/625 1424/94/625 1333/93/625
f 1426/96/625 1425/95/625 1333/93/625
f 1426/96/625 1333/93/625 1332/97/625
f 1427/98/625 1426/96/625 1332/97/625
f 1428/99/625 1427/98/625 1332/97/625
f 1324/1/625 1429/64/625 1428/99/625
f 1324/1/625 1428/99/625 1332/97/625
f 1324/1/625 1332/97/625 1331/100/625
f 1324/1/625 1331/100/625 1330/101/625
f 1324/1/625 1330/101/625 1329/102/625
f 1324/1/625 1329/102/625 1328/103/625
f 1324/1/625 1328/103/625 1327/104/625
f 1324/1/625 1327/104/625 1326/105/625
f 1324/1/625 1326/105/625 1325/106/625
f 1432/107/625 1431/109/625 1430/108/625
f 1432/107/625 1430/108/625 1438/110/625
f 1438/110/625 1430/108/625 1437/111/625
f 1432/107/625 1438/110/625 1440/112/625
f 1439/113/625 1438/110/625 1437/111/625
f 1432/107/625 1440/112/625 1434/114/625
f 1434/114/625 1440/112/625 1439/113/625
f 1434/114/625 1439/113/625 1435/115/625
f 1435/115/625 1439/113/625 1437/111/625
f 1432/107/625 1434/114/625 1433/116/625
f 1436/117/625 1435/115/625 1437/111/625
f 1443/118/625 1442/120/625 1441/119/625
f 1443/118/625 1441/119/625 1446/121/625
f 1443/118/625 1446/121/625 1445/122/625
f 1443/118/625 1445/122/625 1444/123/625
f 1460/124/625 1459/126/625 1458/125/625
f 1460/124/625 1458/125/625 1457/127/625
f 1461/128/625 1460/124/625 1457/127/625
f 1461/128/625 1457/127/625 1456/129/625
f 1462/130/625 1461/128/625 1456/129/625
f 1462/130/625 1456/129/625 1455/131/625
f 1463/132/625 1462/130/625 1455/131/625
f 1464/133/625 1463/132/625 1455/131/625
f 1464/133/625 1455/131/625 1454/134/625
f 1465/135/625 1464/133/625 1454/134/625
f 1465/135/625 1454/134/625 1531/136/625
f 1531/136/625 1454/134/625 1453/137/625
f 1465/135/625 1531/136/625 1530/138/625
f 1532/139/625 1531/136/625 1453/137/625
f 1465/135/625 1530/138/625 1529/140/625
f 1533/141/625 1532/139/625 1453/137/625
f 1466/142/625 1465/135/625 1529/140/625
f 1533/141/625 1453/137/625 1452/143/625
f 1466/142/625 1529/140/625 1528/144/625
f 1534/145/625 1533/141/625 1452/143/625
f 1466/142/625 1528/144/625 1527/146/625
f 1535/147/625 1534/145/625 1452/143/625
f 1466/142/625 1527/146/625 1526/148/625
f 1536/149/625 1535/147/625 1452/143/625
f 1467/150/625 1466/142/625 1526/148/625
f 1536/149/625 1452/143/625 1451/151/625
f 1467/150/625 1526/148/625 1525/152/625
f 1537/153/625 1536/149/625 1451/151/625
f 1467/150/625 1525/152/625 1524/154/625
f 1538/155/625 1537/153/625 1451/151/625
f 1468/156/625 1467/150/625 1524/154/625
f 1538/155/625 1451/151/625 1450/157/625
f 1468/156/625 1524/154/625 1523/158/625
f 1539/159/625 1538/155/625 1450/157/625
f 1469/160/625 1468/156/625 1523/158/625
f 1539/159/625 1450/157/625 1449/161/625
f 1469/160/625 1523/158/625 1522/162/625
f 1540/163/625 1539/159/625 1449/161/625
f 1469/160/625 1522/162/625 1521/164/625
f 1541/165/625 1540/163/625 1449/161/625
f 1470/166/625 1469/160/625 1521/164/625
f 1541/165/625 1449/161/625 1448/167/625
f 1470/166/625 1521/164/625 1520/168/625
f 1542/169/625 1541/165/625 1448/167/625
f 1471/170/625 1470/166/625 1520/168/625
f 1542/169/625 1448/167/625 1447/171/625
f 1471/170/625 1520/168/625 1519/172/625
f 1495/173/625 1542/169/625 1447/171/625
f 1472/174/625 1471/170/625 1519/172/625
f 1472/174/625 1519/172/625 1518/175/625
f 1496/176/625 1495/173/625 1447/171/625
f 1496/176/625 1447/171/625 1494/177/625
f 1472/174/625 1518/175/625 1517/178/625
f 1497/179/625 1496/176/625 1494/177/625
f 1473/180/625 1472/174/625 1517/178/625
f 1497/179/625 1494/177/625 1493/181/625
f 1473/180/625 1517/178/625 1516/182/625
f 1498/183/625 1497/179/625 1493/181/625
f 1474/184/625 1473/180/625 1516/182/625
f 1498/183/625 1493/181/625 1492/185/625
f 1499/186/625 1498/183/625 1492/185/625
f 1474/184/625 1516/182/625 1515/187/625
f 1500/188/625 1499/186/625 1492/185/625
f 1474/184/625 1515/187/625 1514/189/625
f 1475/190/625 1474/184/625 1514/189/625
f 1500/188/625 1492/185/625 1491/191/625
f 1501/192/625 1500/188/625 1491/191/625
f 1475/190/625 1514/189/625 1513/193/625
f 1476/194/625 1475/190/625 1513/193/625
f 1501/192/625 1491/191/625 1490/195/625
f 1502/196/625 1501/192/625 1490/195/625
f 1476/194/625 1513/193/625 1512/197/625
f 1503/198/625 1502/196/625 1490/195/625
f 1476/194/625 1512/197/625 1511/199/625
f 1477/200/625 1476/194/625 1511/199/625
f 1503/198/625 1490/195/625 1489/201/625
f 1504/202/625 1503/198/625 1489/201/625
f 1477/200/625 1511/199/625 1510/203/625
f 1505/204/625 1504/202/625 1489/201/625
f 1477/200/625 1510/203/625 1509/205/625
f 1506/206/625 1505/204/625 1489/201/625
f 1477/200/625 1509/205/625 1508/207/625
f 1478/208/625 1477/200/625 1508/207/625
f 1506/206/625 1489/201/625 1488/209/625
f 1507/210/625 1506/206/625 1488/209/625
f 1478/208/625 1508/207/625 1507/210/625
f 1478/208/625 1507/210/625 1488/209/625
f 1479/211/625 1478/208/625 1488/209/625
f 1479/211/625 1488/209/625 1487/212/625
f 1480/213/625 1479/211/625 1487/212/625
f 1480/213/625 1487/212/625 1486/214/625
f 1481/215/625 1480/213/625 1486/214/625
f 1481/215/625 1486/214/625 1485/216/625
f 1482/217/625 1481/215/625 1485/216/625
f 1482/217/625 1485/216/625 1484/218/625
f 1483/219/625 1482/217/625 1484/218/625
f 1569/220/625 1568/222/625 1567/221/625
f 1570/223/625 1569/220/625 1567/221/625
f 1571/224/625 1570/223/625 1567/221/625
f 1571/224/625 1567/221/625 1566/225/625
f 1572/226/625 1571/224/625 1566/225/625
f 1572/226/625 1566/225/625 1565/227/625
f 1573/228/625 1572/226/625 1565/227/625
f 1574/229/625 1573/228/625 1565/227/625
f 1574/229/625 1565/227/625 1564/230/625
f 1575/231/625 1574/229/625 1564/230/625
f 1576/232/625 1575/231/625 1564/230/625
f 1576/232/625 1564/230/625 1563/233/625
f 1577/234/625 1576/232/625 1563/233/625
f 1578/235/625 1577/234/625 1563/233/625
f 1578/235/625 1563/233/625 1562/236/625
f 1579/237/625 1578/235/625 1562/236/625
f 1580/238/625 1579/237/625 1562/236/625
f 1580/238/625 1562/236/625 1561/239/625
f 1581/240/625 1580/238/625 1582/241/625
f 1582/241/625 1580/238/625 1583/242/625
f 1583/242/625 1580/238/625 1584/243/625
f 1584/243/625 1580/238/625 1585/244/625
f 1585/244/625 1580/238/625 1586/245/625
f 1586/245/625 1580/238/625 1587/246/625
f 1587/246/625 1580/238/625 1588/247/625
f 1588/247/625 1580/238/625 1589/248/625
f 1589/248/625 1580/238/625 1590/249/625
f 1590/249/625 1580/238/625 1591/250/625
f 1591/250/625 1580/238/625 1592/251/625
f 1592/251/625 1580/238/625 1561/239/625
f 1592/251/625 1561/239/625 1593/252/625
f 1593/252/625 1561/239/625 1560/253/625
f 1594/254/625 1593/252/625 1560/253/625
f 1595/255/625 1594/254/625 1560/253/625
f 1596/256/625 1595/255/625 1560/253/625
f 1596/256/625 1560/253/625 1559/257/625
f 1597/258/625 1596/256/625 1559/257/625
f 1598/259/625 1597/258/625 1559/257/625
f 1599/260/625 1598/259/625 1559/257/625
f 1599/260/625 1559/257/625 1558/261/625
f 1600/262/625 1599/260/625 1558/261/625
f 1601/263/625 1600/262/625 1558/261/625
f 1601/263/625 1558/261/625 1557/264/625
f 1602/265/625 1601/263/625 1557/264/625
f 1603/266/625 1602/265/625 1557/264/625
f 1603/266/625 1557/264/625 1556/267/625
f 1604/268/625 1603/266/625 1556/267/625
f 1605/269/625 1604/268/625 1556/267/625
f 1605/269/625 1556/267/625 1555/270/625
f 1606/271/625 1605/269/625 1555/270/625
f 1607/272/625 1606/271/625 1555/270/625
f 1607/272/625 1555/270/625 1554/273/625
f 1608/274/625 1607/272/625 1554/273/625
f 1609/275/625 1608/274/625 1554/273/625
f 1609/275/625 1554/273/625 1553/276/625
f 1610/277/625 1609/275/625 1553/276/625
f 1611/278/625 1610/277/625 1553/276/625
f 1611/278/625 1553/276/625 1552/279/625
f 1612/280/625 1611/278/625 1552/279/625
f 1613/281/625 1612/280/625 1552/279/625
f 1614/282/625 1613/281/625 1552/279/625
f 1614/282/625 1552/279/625 1551/283/625
f 1615/284/625 1614/282/625 1551/283/625
f 1616/285/625 1615/284/625 1551/283/625
f 1616/285/625 1551/283/625 1550/286/625
f 1617/287/625 1616/285/625 1550/286/625
f 1618/288/625 1617/287/625 1550/286/625
f 1618/288/625 1550/286/625 1549/289/625
f 1619/290/625 1618/288/625 1549/289/625
f 1619/290/625 1549/289/625 1548/291/625
f 1620/292/625 1619/290/625 1548/291/625
f 1620/292/625 1548/291/625 1547/293/625
f 1621/294/625 1620/292/625 1547/293/625
f 1622/295/625 1621/294/625 1547/293/625
f 1622/295/625 1547/293/625 1546/296/625
f 1623/297/625 1622/295/625 1546/296/625
f 1623/297/625 1546/296/625 1545/298/625
f 1624/299/625 1623/297/625 1545/298/625
f 1624/299/625 1545/298/625 1544/300/625
f 1625/301/625 1624/299/625 1544/300/625
f 1626/302/625 1625/301/625 1544/300/625
f 1626/302/625 1544/300/625 1543/303/625
f 1626/302/625 1543/303/625 1631/304/625
f 1627/305/625 1626/302/625 1631/304/625
f 1628/306/625 1627/305/625 1631/304/625
f 1629/307/625 1628/306/625 1631/304/625
f 1630/308/625 1629/307/625 1631/304/625
f 1657/309/625 1656/311/625 1655/310/625
f 1658/312/625 1657/309/625 1655/310/625
f 1658/312/625 1655/310/625 1654/313/625
f 1659/314/625 1658/312/625 1654/313/625
f 1659/314/625 1654/313/625 1653/315/625
f 1660/316/625 1659/314/625 1653/315/625
f 1660/316/625 1653/315/625 1652/317/625
f 1661/318/625 1660/316/625 1652/317/625
f 1661/318/625 1652/317/625 1651/319/625
f 1662/320/625 1661/318/625 1651/319/625
f 1662/320/625 1651/319/625 1650/321/625
f 1663/322/625 1662/320/625 1650/321/625
f 1663/322/625 1650/321/625 1649/323/625
f 1664/324/625 1663/322/625 1716/325/625
f 1716/325/625 1663/322/625 1717/326/625
f 1717/326/625 1663/322/625 1649/323/625
f 1718/327/625 1717/326/625 1649/323/625
f 1664/324/625 1716/325/625 1715/328/625
f 1719/329/625 1718/327/625 1649/323/625
f 1719/329/625 1649/323/625 1648/330/625
f 1664/324/625 1715/328/625 1714/331/625
f 1720/332/625 1719/329/625 1648/330/625
f 1664/324/625 1714/331/625 1713/333/625
f 1721/334/625 1720/332/625 1648/330/625
f 1665/335/625 1664/324/625 1713/333/625
f 1665/335/625 1713/333/625 1712/336/625
f 1722/337/625 1721/334/625 1648/330/625
f 1665/335/625 1712/336/625 1711/338/625
f 1723/339/625 1722/337/625 1648/330/625
f 1723/339/625 1648/330/625 1647/340/625
f 1665/335/625 1711/338/625 1710/341/625
f 1666/342/625 1665/335/625 1710/341/625
f 1724/343/625 1723/339/625 1647/340/625
f 1666/342/625 1710/341/625 1709/344/625
f 1725/345/625 1724/343/625 1647/340/625
f 1666/342/625 1709/344/625 1708/346/625
f 1725/345/625 1647/340/625 1646/347/625
f 1667/348/625 1666/342/625 1708/346/625
f 1726/349/625 1725/345/625 1646/347/625
f 1667/348/625 1708/346/625 1707/350/625
f 1727/351/625 1726/349/625 1646/347/625
f 1667/348/625 1707/350/625 1706/352/625
f 1668/353/625 1667/348/625 1706/352/625
f 1727/351/625 1646/347/625 1645/354/625
f 1728/355/625 1727/351/625 1645/354/625
f 1668/353/625 1706/352/625 1705/356/625
f 1729/357/625 1728/355/625 1645/354/625
f 1668/353/625 1705/356/625 1764/358/625
f 1669/359/625 1668/353/625 1764/358/625
f 1729/357/625 1645/354/625 1644/360/625
f 1669/359/625 1764/358/625 1763/361/625
f 1730/362/625 1729/357/625 1644/360/625
f 1731/363/625 1730/362/625 1644/360/625
f 1732/364/625 1731/363/625 1644/360/625
f 1733/365/625 1732/364/625 1644/360/625
f 1670/366/625 1669/359/625 1763/361/625
f 1670/366/625 1763/361/625 1762/367/625
f 1734/368/625 1733/365/625 1644/360/625
f 1735/369/625 1734/368/625 1644/360/625
f 1736/370/625 1735/369/625 1644/360/625
f 1670/366/625 1762/367/625 1761/371/625
f 1737/372/625 1736/370/625 1644/360/625
f 1737/372/625 1644/360/625 1643/373/625
f 1738/374/625 1737/372/625 1643/373/625
f 1739/375/625 1738/374/625 1643/373/625
f 1670/366/625 1761/371/625 1760/376/625
f 1671/377/625 1670/366/625 1760/376/625
f 1740/378/625 1739/375/625 1643/373/625
f 1741/379/625 1740/378/625 1643/373/625
f 1671/377/625 1760/376/625 1759/380/625
f 1742/381/625 1741/379/625 1643/373/625
f 1671/377/625 1759/380/625 1758/382/625
f 1743/383/625 1742/381/625 1643/373/625
f 1672/384/625 1671/377/625 1758/382/625
f 1744/385/625 1743/383/625 1643/373/625
f 1672/384/625 1758/382/625 1757/386/625
f 1745/387/625 1744/385/625 1643/373/625
f 1745/387/625 1643/373/625 1642/388/625
f 1746/389/625 1745/387/625 1642/388/625
f 1672/384/625 1757/386/625 1756/390/625
f 1747/391/625 1746/389/625 1642/388/625
f 1748/392/625 1747/391/625 1642/388/625
f 1672/384/625 1756/390/625 1755/393/625
f 1749/394/625 1748/392/625 1642/388/625
f 1673/395/625 1672/384/625 1755/393/625
f 1673/395/625 1755/393/625 1754/396/625
f 1750/397/625 1749/394/625 1642/388/625
f 1751/398/625 1750/397/625 1642/388/625
f 1673/395/625 1754/396/625 1753/399/625
f 1752/400/625 1751/398/625 1642/388/625
f 1753/399/625 1752/400/625 1642/388/625
f 1673/395/625 1753/399/625 1642/388/625
f 1674/401/625 1673/395/625 1642/388/625
f 1674/401/625 1642/388/625 1641/402/625
f 1675/403/625 1674/401/625 1641/402/625
f 1676/404/625 1675/403/625 1692/405/625
f 1692/405/625 1675/403/625 1641/402/625
f 1676/404/625 1692/405/625 1691/406/625
f 1693/407/625 1692/405/625 1641/402/625
f 1677/408/625 1676/404/625 1691/406/625
f 1693/407/625 1641/402/625 1640/409/625
f 1677/408/625 1691/406/625 1690/410/625
f 1677/408/625 1690/410/625 1689/411/625
f 1677/408/625 1689/411/625 1688/412/625
f 1678/413/625 1677/408/625 1688/412/625
f 1678/413/625 1688/412/625 1687/414/625
f 1678/413/625 1687/414/625 1686/415/625
f 1678/413/625 1686/415/625 1685/416/625
f 1694/417/625 1693/407/625 1640/409/625
f 1679/418/625 1678/413/625 1685/416/625
f 1679/418/625 1685/416/625 1684/419/625
f 1679/418/625 1684/419/625 1683/420/625
f 1679/418/625 1683/420/625 1682/421/625
f 1680/422/625 1679/418/625 1682/421/625
f 1680/422/625 1682/421/625 1681/423/625
f 1695/424/625 1694/417/625 1640/409/625
f 1695/424/625 1640/409/625 1639/425/625
f 1696/426/625 1695/424/625 1639/425/625
f 1696/426/625 1639/425/625 1638/427/625
f 1697/428/625 1696/426/625 1638/427/625
f 1698/429/625 1697/428/625 1638/427/625
f 1698/429/625 1638/427/625 1637/430/625
f 1699/431/625 1698/429/625 1637/430/625
f 1700/432/625 1699/431/625 1637/430/625
f 1700/432/625 1637/430/625 1636/433/625
f 1701/434/625 1700/432/625 1636/433/625
f 1702/435/625 1701/434/625 1636/433/625
f 1702/435/625 1636/433/625 1635/436/625
f 1703/437/625 1702/435/625 1635/436/625
f 1704/438/625 1703/437/625 1635/436/625
f 1704/438/625 1635/436/625 1634/439/625
f 1632/440/625 1704/438/625 1634/439/625
f 1632/440/625 1634/439/625 1633/441/625
f 1312/442/625 1311/444/625 1310/443/625
f 1313/445/625 1312/442/625 1310/443/625
f 1314/446/625 1313/445/625 1310/443/625
f 1314/446/625 1310/443/625 1309/447/625
f 1315/448/625 1314/446/625 1309/447/625
f 1316/449/625 1315/448/625 1309/447/625
f 1317/450/625 1316/449/625 1309/447/625
f 1317/450/625 1309/447/625 1308/451/625
f 1318/452/625 1317/450/625 1308/451/625
f 1319/453/625 1318/452/625 1308/451/625
f 1320/454/625 1319/453/625 1308/451/625
f 1320/454/625 1308/451/625 1307/455/625
f 1321/456/625 1320/454/625 1307/455/625
f 1322/457/625 1321/456/625 1307/455/625
f 1322/457/625 1307/455/625 1306/458/625
f 1323/459/625 1322/457/625 1306/458/625
f 1177/460/625 1323/459/625 1178/461/625
f 1178/461/625 1323/459/625 1179/462/625
f 1179/462/625 1323/459/625 1180/463/625
f 1180/463/625 1323/459/625 1181/464/625
f 1181/464/625 1323/459/625 1306/458/625
f 1181/464/625 1306/458/625 1182/465/625
f 1182/465/625 1306/458/625 1183/466/625
f 1183/466/625 1306/458/625 1305/467/625
f 1183/466/625 1305/467/625 1184/468/625
f 1184/468/625 1305/467/625 1185/469/625
f 1185/469/625 1305/467/625 1304/470/625
f 1185/469/625 1304/470/625 1186/471/625
f 1186/471/625 1304/470/625 1187/472/625
f 1187/472/625 1304/470/625 1188/473/625
f 1188/473/625 1304/470/625 1303/474/625
f 1188/473/625 1303/474/625 1189/475/625
f 1189/475/625 1303/474/625 1190/476/625
f 1190/476/625 1303/474/625 1302/477/625
f 1191/478/625 1190/476/625 1302/477/625
f 1192/479/625 1191/478/625 1302/477/625
f 1193/480/625 1192/479/625 1302/477/625
f 1193/480/625 1302/477/625 1301/481/625
f 1194/482/625 1193/480/625 1301/481/625
f 1195/483/625 1194/482/625 1301/481/625
f 1196/484/625 1195/483/625 1301/481/625
f 1196/484/625 1301/481/625 1300/485/625
f 1197/486/625 1196/484/625 1300/485/625
f 1198/487/625 1197/486/625 1300/485/625
f 1198/487/625 1300/485/625 1299/488/625
f 1199/489/625 1198/487/625 1299/488/625
f 1200/490/625 1199/489/625 1299/488/625
f 1200/490/625 1299/488/625 1298/491/625
f 1201/492/625 1200/490/625 1298/491/625
f 1202/493/625 1201/492/625 1298/491/625
f 1202/493/625 1298/491/625 1297/494/625
f 1203/495/625 1202/493/625 1297/494/625
f 1203/495/625 1297/494/625 1296/496/625
f 1204/497/625 1203/495/625 1296/496/625
f 1204/497/625 1296/496/625 1295/498/625
f 1205/499/625 1204/497/625 1295/498/625
f 1205/499/625 1295/498/625 1294/500/625
f 1206/501/625 1205/499/625 1294/500/625
f 1206/501/625 1294/500/625 1293/502/625
f 1207/503/625 1206/501/625 1293/502/625
f 1208/504/625 1207/503/625 1293/502/625
f 1208/504/625 1293/502/625 1292/505/625
f 1209/506/625 1208/504/625 1292/505/625
f 1209/506/625 1292/505/625 1291/507/625
f 1210/508/625 1209/506/625 1291/507/625
f 1211/509/625 1210/508/625 1291/507/625
f 1212/510/625 1211/509/625 1291/507/625
f 1212/510/625 1291/507/625 1290/511/625
f 1213/512/625 1212/510/625 1290/511/625
f 1214/513/625 1213/512/625 1290/511/625
f 1214/513/625 1290/511/625 1289/514/625
f 1214/513/625 1289/514/625 1288/515/625
f 1214/513/625 1288/515/625 1287/516/625
f 1214/513/625 1287/516/625 1286/517/625
f 1214/513/625 1286/517/625 1285/518/625
f 1214/513/625 1285/518/625 1284/519/625
f 1214/513/625 1284/519/625 1283/520/625
f 1214/513/625 1283/520/625 1282/521/625
f 1214/513/625 1282/521/625 1215/522/625
f 1215/522/625 1282/521/625 1281/523/625
f 1216/524/625 1215/522/625 1281/523/625
f 1217/525/625 1216/524/625 1281/523/625
f 1218/526/625 1217/525/625 1281/523/625
f 1218/526/625 1281/523/625 1280/527/625
f 1219/528/625 1218/526/625 1280/527/625
f 1220/529/625 1219/528/625 1280/527/625
f 1220/529/625 1280/527/625 1279/530/625
f 1221/531/625 1220/529/625 1279/530/625
f 1221/531/625 1279/530/625 1278/532/625
f 1222/533/625 1221/531/625 1278/532/625
f 1223/534/625 1222/533/625 1278/532/625
f 1223/534/625 1278/532/625 1277/535/625
f 1224/536/625 1223/534/625 1277/535/625
f 1224/536/625 1277/535/625 1276/537/625
f 1225/538/625 1224/536/625 1276/537/625
f 1225/538/625 1276/537/625 1275/539/625
f 1226/540/625 1225/538/625 1275/539/625
f 1226/540/625 1275/539/625 1274/541/625
f 1227/542/625 1226/540/625 1274/541/625
f 1228/543/625 1227/542/625 1274/541/625
f 1228/543/625 1274/541/625 1273/544/625
f 1229/545/625 1228/543/625 1273/544/625
f 1230/546/625 1229/545/625 1273/544/625
f 1230/546/625 1273/544/625 1272/547/625
f 1251/548/625 1250/550/625 1249/549/625
f 1231/551/625 1230/546/625 1272/547/625
f 1251/548/625 1249/549/625 1248/552/625
f 1232/553/625 1231/551/625 1272/547/625
f 1251/548/625 1248/552/625 1247/554/625
f 1232/553/625 1272/547/625 1271/555/625
f 1233/556/625 1232/553/625 1271/555/625
f 1251/548/625 1247/554/625 1246/557/625
f 1251/548/625 1246/557/625 1245/558/625
f 1234/559/625 1233/556/625 1271/555/625
f 1251/548/625 1245/558/625 1244/560/625
f 1235/561/625 1234/559/625 1271/555/625
f 1251/548/625 1244/560/625 1243/562/625
f 1251/548/625 1243/562/625 1242/563/625
f 1236/564/625 1235/561/625 1271/555/625
f 1236/564/625 1271/555/625 1270/565/625
f 1251/548/625 1242/563/625 1241/566/625
f 1237/567/625 1236/564/625 1270/565/625
f 1251/548/625 1241/566/625 1240/568/625
f 1251/548/625 1240/568/625 1239/569/625
f 1238/570/625 1237/567/625 1270/565/625
f 1251/548/625 1239/569/625 1238/570/625
f 1251/548/625 1238/570/625 1270/565/625
f 1251/548/625 1270/565/625 1269/571/625
f 1251/548/625 1269/571/625 1268/572/625
f 1251/548/625 1268/572/625 1267/573/625
f 1252/574/625 1251/548/625 1267/573/625
f 1253/575/625 1252/574/625 1267/573/625
f 1254/576/625 1253/575/625 1267/573/625
f 1254/576/625 1267/573/625 1266/577/625
f 1255/578/625 1254/576/625 1266/577/625
f 1256/579/625 1255/578/625 1266/577/625
f 1256/579/625 1266/577/625 1265/580/625
f 1257/581/625 1256/579/625 1265/580/625
f 1258/582/625 1257/581/625 1265/580/625
f 1259/583/625 1258/582/625 1265/580/625
f 1259/583/625 1265/580/625 1264/584/625
f 1260/585/625 1259/583/625 1264/584/625
f 1261/586/625 1260/585/625 1264/584/625
f 1261/586/625 1264/584/625 1263/587/625
f 1262/588/625 1261/586/625 1263/587/625
f 1174/367/41 1173/371/607 1761/371/626
f 667/578/623 666/576/22 1254/576/22
f 831/86/619 830/84/20 1418/84/20
f 601/475/103 600/473/18 1188/473/18
f 716/470/2 1303/474/3 1304/470/2
f 749/82/4 1336/85/6 1337/82/4
f 679/573/7 1266/577/8 1267/573/7
f 887/190/9 1474/184/10 1475/190/9
f 927/187/11 1514/189/12 1515/187/11
f 1015/266/13 1602/265/14 1603/266/13
f 1148/370/15 1735/369/17 1736/370/624
f 600/473/18 1187/472/19 1188/473/18
f 830/84/20 1417/83/21 1418/84/20
f 666/576/22 1253/575/23 1254/576/22
f 1014/265/14 1601/263/24 1602/265/14
f 912/188/25 1499/186/26 1500/188/622
f 970/261/27 1557/264/28 1558/261/27
f 1147/369/16 1734/368/30 1735/369/17
f 599/472/19 1186/471/31 1187/472/19
f 829/83/21 1416/81/32 1417/83/21
f 665/575/23 1252/574/33 1253/575/23
f 928/182/34 1515/187/11 1516/182/34
f 750/79/28 1337/82/4 1338/79/28
f 1146/368/29 1733/365/35 1734/368/30
f 598/471/31 1185/469/36 1186/471/31
f 664/574/33 1251/548/37 1252/574/33
f 1013/263/24 1600/262/39 1601/263/24
f 1175/361/40 1762/367/41 1763/361/40
f 717/467/42 1304/470/2 1305/467/42
f 680/572/43 1267/573/7 1268/572/43
f 911/186/26 1498/183/44 1499/186/26
f 828/81/32 1415/80/45 1416/81/32
f 905/181/46 1492/185/47 1493/181/46
f 1012/262/38 1599/260/49 1600/262/39
f 681/571/50 1268/572/43 1269/571/50
f 971/257/51 1558/261/27 1559/257/51
f 1082/366/52 1669/359/53 1670/366/52
f 597/469/36 1184/468/54 1185/469/36
f 827/80/45 1414/78/55 1415/80/45
f 751/77/56 1338/79/28 1339/77/56
f 682/565/57 1269/571/50 1270/565/57
f 886/184/10 1473/180/58 1474/184/10
f 1145/365/35 1732/364/59 1733/365/35
f 596/468/54 1183/466/60 1184/468/54
f 1011/260/48 1598/259/61 1599/260/49
f 718/458/62 1305/467/42 1306/458/62
f 910/183/44 1497/179/63 1498/183/44
f 1144/364/59 1731/363/65 1732/364/59
f 826/78/55 1413/76/66 1414/78/55
f 651/569/67 1238/570/68 1239/569/67
f 929/178/69 1516/182/34 1517/178/69
f 1010/259/61 1597/258/70 1598/259/61
f 752/74/71 1339/77/56 1340/74/71
f 1143/363/64 1730/362/72 1731/363/65
f 595/466/60 1182/465/73 1183/466/60
f 906/177/74 1493/181/46 1494/177/74
f 1009/258/70 1596/256/75 1597/258/70
f 650/570/68 1237/567/76 1238/570/68
f 972/253/77 1559/257/51 1560/253/107
f 1142/362/72 1729/357/79 1730/362/72
f 594/465/73 1181/464/81 1182/465/73
f 825/76/66 1412/75/82 1413/76/66
f 652/568/83 1239/569/67 1240/568/83
f 1176/358/84 1763/361/40 1764/358/84
f 885/180/58 1472/174/85 1473/180/58
f 824/75/82 1411/73/86 1412/75/82
f 653/566/87 1240/568/83 1241/566/87
f 1008/256/75 1595/255/88 1596/256/75
f 1057/354/89 1644/360/90 1645/354/89
f 593/464/80 1180/463/91 1181/464/81
f 753/71/92 1340/74/71 1341/71/92
f 909/179/63 1496/176/93 1497/179/63
f 930/175/94 1517/178/69 1518/175/94
f 1007/255/88 1594/254/95 1595/255/88
f 592/463/91 1179/462/97 1180/463/91
f 649/567/76 1236/564/98 1237/567/76
f 1081/359/53 1668/353/99 1669/359/53
f 823/73/86 1410/72/100 1411/73/86
f 654/563/101 1241/566/87 1242/563/101
f 859/171/102 1494/177/74 1447/171/102
f 1006/254/95 1593/252/103 1594/254/95
f 1117/356/104 1764/358/84 1705/356/104
f 591/462/96 1178/461/105 1179/462/97
f 973/239/106 1560/253/107 1561/239/106
f 822/72/100 1409/70/108 1410/72/100
f 683/555/109 1270/565/57 1271/555/109
f 590/461/105 1177/460/110 1178/461/105
f 754/68/111 1341/71/92 1342/68/111
f 908/176/93 1495/173/112 1496/176/93
f 1141/357/78 1728/355/113 1729/357/79
f 589/460/112 1323/459/112 1177/460/112
f 931/172/102 1518/175/94 1519/172/102
f 1005/252/103 1592/251/114 1593/252/103
f 1118/352/115 1705/356/104 1706/352/115
f 648/564/98 1235/561/116 1236/564/98
f 735/459/117 1322/457/118 1323/459/117
f 821/70/108 1408/69/119 1409/70/108
f 655/562/120 1242/563/101 1243/562/120
f 719/455/121 1306/458/62 1307/455/121
f 884/174/85 1471/170/112 1472/174/85
f 1004/251/114 1591/250/122 1592/251/114
f 1140/355/113 1727/351/123 1728/355/113
f 820/69/119 1407/67/124 1408/69/119
f 656/560/125 1243/562/120 1244/560/125
f 1058/347/126 1645/354/89 1646/347/126
f 755/63/127 1342/68/111 1343/63/127
f 907/173/112 1542/169/128 1495/173/112
f 1003/250/122 1590/249/129 1591/250/122
f 734/457/118 1321/456/130 1322/457/118
f 932/168/131 1519/172/102 1520/168/131
f 647/561/116 1234/559/132 1235/561/116
f 1002/249/129 1589/248/133 1590/249/129
f 1080/353/99 1667/348/134 1668/353/99
f 733/456/130 1320/454/136 1321/456/130
f 819/67/124 1406/66/137 1407/67/124
f 657/558/138 1244/560/125 1245/558/138
f 860/167/139 1447/171/102 1448/167/139
f 1119/350/140 1706/352/115 1707/350/140
f 720/451/141 1307/455/121 1308/451/141
f 1001/248/133 1588/247/142 1589/248/133
f 818/66/137 1405/65/144 1406/66/137
f 646/559/132 1233/556/145 1234/559/132
f 883/170/112 1470/166/146 1471/170/112
f 1000/247/142 1587/246/147 1588/247/142
f 1139/351/123 1726/349/149 1727/351/123
f 732/454/135 1319/453/150 1320/454/136
f 817/65/143 1404/62/151 1405/65/144
f 658/557/152 1245/558/138 1246/557/152
f 1120/346/153 1707/350/140 1708/346/178
f 815/52/102 1429/64/102 1403/52/102
f 954/169/128 1541/165/154 1542/169/128
f 999/246/147 1586/245/155 1587/246/147
f 731/453/150 1318/452/156 1319/453/150
f 659/554/157 1246/557/152 1247/554/176
f 933/164/158 1520/168/131 1521/164/158
f 756/61/159 1343/63/127 1344/61/159
f 998/245/155 1585/244/160 1586/245/155
f 1138/349/148 1725/345/161 1726/349/149
f 730/452/156 1317/450/162 1318/452/156
f 861/161/163 1448/167/139 1449/161/163
f 721/447/164 1308/451/141 1309/447/164
f 645/556/145 1232/553/165 1233/556/145
f 997/244/160 1584/243/166 1585/244/160
f 1079/348/134 1666/342/167 1667/348/134
f 816/62/151 1403/52/168 1404/62/151
f 684/547/169 1271/555/109 1272/547/169
f 1059/340/170 1646/347/126 1647/340/170
f 757/60/171 1344/61/159 1345/60/171
f 882/166/146 1469/160/172 1470/166/146
f 996/243/166 1583/242/173 1584/243/166
f 729/450/162 1316/449/174 1317/450/162
f 660/552/175 1247/554/176 1248/552/175
f 1121/344/177 1708/346/178 1709/344/177
f 758/59/179 1345/60/171 1346/59/179
f 953/165/154 1540/163/180 1541/165/154
f 995/242/173 1582/241/182 1583/242/173
f 728/449/174 1315/448/183 1316/449/174
f 934/162/184 1521/164/158 1522/162/184
f 759/58/185 1346/59/179 1347/58/185
f 644/553/165 1231/551/186 1232/553/165
f 994/241/181 1581/240/187 1582/241/182
f 1137/345/161 1724/343/189 1725/345/161
f 727/448/183 1314/446/190 1315/448/183
f 661/549/191 1248/552/175 1249/549/191
f 993/240/112 1580/238/112 1581/240/112
f 1122/341/192 1709/344/177 1710/341/192
f 722/443/193 1309/447/164 1310/443/193
f 760/57/194 1347/58/185 1348/57/194
f 952/163/180 1539/159/195 1540/163/180
f 974/236/196 1561/239/106 1562/236/196
f 935/158/197 1522/162/184 1523/158/197
f 761/56/198 1348/57/194 1349/56/198
f 643/551/186 1230/546/199 1231/551/186
f 1136/343/188 1723/339/200 1724/343/189
f 726/446/190 1313/445/201 1314/446/190
f 662/550/202 1249/549/191 1250/550/202
f 862/157/203 1449/161/163 1450/157/229
f 992/238/204 1579/237/205 1580/238/204
f 762/55/102 1349/56/102 1350/55/102
f 1078/342/167 1665/335/206 1666/342/167
f 725/445/201 1312/442/207 1313/445/201
f 663/548/112 1250/550/112 1251/548/112
f 991/237/205 1578/235/208 1579/237/205
f 1123/338/209 1710/341/192 1711/338/209
f 723/444/210 1310/443/193 1311/444/210
f 763/54/211 1350/55/212 1351/54/211
f 685/544/213 1272/547/169 1273/544/233
f 881/160/172 1468/156/214 1469/160/172
f 975/233/215 1562/236/196 1563/233/215
f 1060/330/216 1647/340/170 1648/330/216
f 724/442/207 1311/444/210 1312/442/207
f 764/53/217 1351/54/211 1352/53/217
f 951/159/195 1538/155/219 1539/159/195
f 1046/439/220 1633/441/221 1634/439/220
f 642/546/199 1229/545/222 1230/546/199
f 936/154/223 1523/158/197 1524/154/223
f 1045/441/221 1632/440/224 1633/441/221
f 765/48/225 1352/53/217 1353/48/225
f 1135/339/200 1722/337/226 1723/339/200
f 641/545/222 1228/543/227 1229/545/222
f 863/151/228 1450/157/229 1451/151/228
f 1124/336/230 1711/338/209 1712/336/230
f 1044/440/231 1704/438/231 1632/440/231
f 686/541/232 1273/544/233 1274/541/232
f 1047/436/234 1634/439/220 1635/436/234
f 814/14/235 1401/51/236 1402/14/235
f 880/156/214 1467/150/237 1468/156/214
f 1134/337/226 1721/334/238 1722/337/226
f 640/543/227 1227/542/239 1228/543/227
f 1125/333/240 1712/336/230 1713/333/240
f 1116/438/241 1703/437/242 1704/438/241
f 950/155/218 1537/153/243 1538/155/219
f 639/542/239 1226/540/244 1227/542/239
f 937/152/245 1524/154/223 1525/152/245
f 1115/437/242 1702/435/246 1703/437/242
f 813/51/236 1400/50/247 1401/51/236
f 687/539/248 1274/541/232 1275/539/248
f 1077/335/206 1664/324/249 1665/335/206
f 1048/433/250 1635/436/234 1636/433/250
f 812/50/247 1399/49/251 1400/50/247
f 949/153/243 1536/149/252 1537/153/243
f 1133/334/238 1720/332/253 1721/334/238
f 638/540/244 1225/538/255 1226/540/244
f 938/148/256 1525/152/245 1526/148/279
f 1126/331/257 1713/333/240 1714/331/257
f 1114/435/246 1701/434/258 1702/435/246
f 811/49/251 1398/47/259 1399/49/251
f 688/537/260 1275/539/248 1276/537/270
f 766/46/261 1353/48/225 1354/46/261
f 864/143/262 1451/151/228 1452/143/262
f 1113/434/258 1700/432/263 1701/434/258
f 1132/332/253 1719/329/264 1720/332/253
f 1049/430/265 1636/433/250 1637/430/265
f 637/538/254 1224/536/266 1225/538/255
f 1127/328/267 1714/331/257 1715/328/267
f 810/47/259 1397/45/268 1398/47/259
f 689/535/269 1276/537/270 1277/535/283
f 879/150/237 1466/142/272 1467/150/237
f 767/43/273 1354/46/261 1355/43/273
f 1061/323/274 1648/330/216 1649/323/274
f 1112/432/263 1699/431/275 1700/432/263
f 948/149/252 1535/147/276 1536/149/252
f 636/536/266 1223/534/277 1224/536/266
f 939/146/278 1526/148/279 1527/146/278
f 1111/431/275 1698/429/280 1699/431/275
f 809/45/268 1396/44/281 1397/45/268
f 690/532/282 1277/535/283 1278/532/299
f 1131/329/264 1718/327/284 1719/329/264
f 1050/427/285 1637/430/265 1638/427/285
f 1128/325/286 1715/328/267 1716/325/286
f 808/44/281 1395/42/287 1396/44/281
f 947/147/276 1534/145/288 1535/147/276
f 768/41/289 1355/43/273 1356/41/289
f 635/534/277 1222/533/291 1223/534/277
f 940/144/292 1527/146/278 1528/144/292
f 1110/429/280 1697/428/293 1698/429/280
f 1130/327/284 1717/326/294 1718/327/284
f 634/533/290 1221/531/295 1222/533/291
f 1109/428/293 1696/426/296 1697/428/293
f 807/42/287 1394/40/297 1395/42/287
f 691/530/298 1278/532/299 1279/530/298
f 946/145/288 1533/141/300 1534/145/288
f 1051/425/301 1638/427/285 1639/425/301
f 769/39/302 1356/41/289 1357/39/312
f 941/140/303 1528/144/292 1529/140/303
f 1129/326/294 1716/325/286 1717/326/294
f 633/531/295 1220/529/304 1221/531/295
f 865/137/305 1452/143/262 1453/137/305
f 1108/426/296 1695/424/306 1696/426/296
f 806/40/297 1393/38/307 1394/40/297
f 692/527/308 1279/530/298 1280/527/308
f 1076/324/249 1663/322/309 1664/324/249
f 1052/409/310 1639/425/301 1640/409/310
f 770/37/311 1357/39/312 1358/37/311
f 1062/321/313 1649/323/274 1650/321/313
f 878/142/271 1465/135/314 1466/142/272
f 632/529/304 1219/528/315 1220/529/304
f 1107/424/306 1694/417/316 1695/424/306
f 805/38/307 1392/36/317 1393/38/307
f 945/141/300 1532/139/318 1533/141/300
f 1075/322/309 1662/320/320 1663/322/309
f 1094/421/321 1681/423/322 1682/421/321
f 771/35/323 1358/37/311 1359/35/323
f 631/528/315 1218/526/324 1219/528/315
f 942/138/325 1529/140/303 1530/138/325
f 1063/319/326 1650/321/313 1651/319/326
f 1093/423/322 1680/422/328 1681/423/322
f 693/523/329 1280/527/308 1281/523/348
f 1092/422/327 1679/418/330 1680/422/328
f 804/36/317 1391/34/331 1392/36/317
f 944/139/318 1531/136/168 1532/139/318
f 1074/320/319 1661/318/332 1662/320/320
f 1095/420/333 1682/421/321 1683/420/333
f 772/33/334 1359/35/323 1360/33/334
f 630/526/324 1217/525/335 1218/526/324
f 943/136/168 1530/138/325 1531/136/168
f 1064/317/336 1651/319/326 1652/317/336
f 1096/419/337 1683/420/333 1684/419/337
f 629/525/335 1216/524/338 1217/525/335
f 866/134/339 1453/137/305 1454/134/339
f 803/34/331 1390/32/340 1391/34/331
f 1073/318/332 1660/316/342 1661/318/332
f 1097/416/343 1684/419/337 1685/416/343
f 773/31/344 1360/33/334 1361/31/344
f 628/524/338 1215/522/345 1216/524/338
f 1065/315/346 1652/317/336 1653/315/346
f 694/521/347 1281/523/348 1282/521/347
f 1091/418/330 1678/413/349 1679/418/330
f 802/32/340 1389/30/350 1390/32/340
f 877/135/314 1464/133/351 1465/135/314
f 1072/316/341 1659/314/352 1660/316/342
f 774/28/353 1361/31/344 1362/28/353
f 627/522/345 1214/513/354 1215/522/345
f 867/131/355 1454/134/339 1455/131/355
f 1066/313/356 1653/315/346 1654/313/356
f 1106/417/316 1693/407/357 1694/417/316
f 695/520/358 1282/521/347 1283/520/358
f 1098/415/359 1685/416/343 1686/415/359
f 801/30/350 1388/29/360 1389/30/350
f 696/519/361 1283/520/358 1284/519/361
f 876/133/351 1463/132/362 1464/133/351
f 1071/314/352 1658/312/363 1659/314/352
f 1099/414/364 1686/415/359 1687/414/364
f 1067/310/365 1654/313/356 1655/310/365
f 800/29/360 1387/27/366 1388/29/360
f 697/518/367 1284/519/361 1285/518/367
f 875/132/362 1462/130/368 1463/132/362
f 990/235/208 1577/234/369 1578/235/208
f 1100/412/370 1687/414/364 1688/412/370
f 775/25/371 1362/28/353 1363/25/371
f 868/129/372 1455/131/355 1456/129/372
f 698/517/373 1285/518/367 1286/517/373
f 989/234/369 1576/232/374 1577/234/369
f 1070/312/363 1657/309/375 1658/312/363
f 976/230/376 1563/233/215 1564/230/376
f 1068/311/377 1655/310/365 1656/311/377
f 1090/413/349 1677/408/379 1678/413/349
f 799/27/366 1386/26/380 1387/27/366
f 699/516/381 1286/517/373 1287/516/381
f 874/130/368 1461/128/382 1462/130/368
f 1101/411/383 1688/412/370 1689/411/383
f 869/127/384 1456/129/372 1457/127/384
f 1069/309/375 1656/311/377 1657/309/375
f 798/26/380 1385/24/385 1386/26/380
f 700/515/386 1287/516/387 1288/515/386
f 988/232/374 1575/231/389 1576/232/374
f 1043/304/168 1630/308/168 1631/304/168
f 1102/410/390 1689/411/383 1690/410/390
f 776/22/391 1363/25/371 1364/22/391
f 1042/308/112 1629/307/112 1630/308/112
f 701/514/392 1288/515/386 1289/514/402
f 873/128/382 1460/124/393 1461/128/382
f 987/231/388 1574/229/394 1575/231/389
f 1103/406/395 1690/410/390 1691/406/395
f 870/125/396 1457/127/384 1458/125/396
f 977/227/397 1564/230/376 1565/227/397
f 1041/307/398 1628/306/399 1629/307/398
f 797/24/385 1384/23/400 1385/24/385
f 702/511/401 1289/514/402 1290/511/401
f 1053/402/403 1640/409/310 1641/402/403
f 871/126/235 1458/125/396 1459/126/235
f 1040/306/399 1627/305/404 1628/306/399
f 796/23/400 1383/21/405 1384/23/400
f 986/229/394 1573/228/406 1574/229/394
f 777/17/407 1364/22/391 1365/17/407
f 626/513/112 1213/512/112 1214/513/112
f 872/124/393 1459/126/235 1460/124/393
f 1039/305/404 1626/302/408 1627/305/404
f 1089/408/378 1676/404/409 1677/408/379
f 857/122/102 1444/123/102 1445/122/102
f 985/228/406 1572/226/410 1573/228/406
f 955/303/102 1631/304/102 1543/303/102
f 625/512/411 1212/510/412 1213/512/411
f 856/123/168 1443/118/168 1444/123/168
f 978/225/413 1565/227/397 1566/225/413
f 1105/407/357 1692/405/414 1693/407/357
f 795/21/405 1382/20/415 1383/21/405
f 703/507/416 1290/511/401 1291/507/416
f 858/121/235 1445/122/235 1446/121/235
f 956/300/235 1543/303/235 1544/300/235
f 1104/405/417 1691/406/395 1692/405/417
f 794/20/415 1381/19/418 1382/20/415
f 853/119/102 1446/121/102 1441/119/102
f 984/226/410 1571/224/419 1572/226/410
f 624/510/412 1211/509/420 1212/510/412
f 979/221/421 1566/225/413 1567/221/421
f 1038/302/408 1625/301/422 1626/302/408
f 793/19/418 1380/18/423 1381/19/418
f 854/120/235 1441/119/235 1442/120/235
f 623/509/420 1210/508/424 1211/509/420
f 1037/301/422 1624/299/425 1625/301/422
f 1088/404/409 1675/403/426 1676/404/409
f 792/18/423 1379/16/427 1380/18/423
f 855/118/112 1442/120/112 1443/118/112
f 983/224/419 1570/223/428 1571/224/419
f 957/298/429 1544/300/430 1545/298/429
f 778/13/431 1365/17/407 1366/13/431
f 622/508/424 1209/506/432 1210/508/424
f 849/111/168 1436/117/168 1437/111/168
f 1087/403/426 1674/401/433 1675/403/426
f 704/505/434 1291/507/416 1292/505/447
f 848/117/435 1435/115/435 1436/117/435
f 982/223/428 1569/220/436 1570/223/428
f 1054/388/437 1641/402/403 1642/388/437
f 846/114/438 1433/116/438 1434/114/438
f 980/222/439 1567/221/421 1568/222/439
f 1036/299/425 1623/297/440 1624/299/425
f 791/16/427 1378/15/441 1379/16/427
f 845/116/168 1432/107/168 1433/116/168
f 958/296/442 1545/298/429 1546/296/442
f 621/506/432 1208/504/443 1209/506/432
f 981/220/436 1568/222/439 1569/220/436
f 1086/401/433 1673/395/444 1674/401/433
f 790/15/441 1377/12/445 1378/15/441
f 705/502/446 1292/505/447 1293/502/446
f 896/218/448 1483/219/168 1484/218/448
f 788/2/102 1402/14/102 1376/2/102
f 847/115/168 1434/114/168 1435/115/168
f 895/219/168 1482/217/449 1483/219/168
f 1035/297/440 1622/295/450 1623/297/440
f 852/112/235 1439/113/235 1440/112/235
f 897/216/451 1484/218/448 1485/216/451
f 959/293/452 1546/296/442 1547/293/452
f 1165/399/453 1752/400/454 1753/399/453
f 779/11/455 1366/13/431 1367/11/455
f 620/504/443 1207/503/456 1208/504/443
f 1164/400/454 1751/398/457 1752/400/454
f 619/503/456 1206/501/458 1207/503/456
f 894/217/449 1481/215/459 1482/217/449
f 1034/295/450 1621/294/460 1622/295/450
f 1166/396/461 1753/399/453 1754/396/461
f 789/12/445 1376/2/168 1377/12/445
f 706/500/462 1293/502/446 1294/500/475
f 898/214/463 1485/216/451 1486/214/463
f 780/10/464 1367/11/455 1368/10/464
f 851/113/465 1438/110/465 1439/113/465
f 1033/294/460 1620/292/467 1621/294/460
f 850/110/468 1440/112/468 1438/110/468
f 960/291/469 1547/293/452 1548/291/469
f 1163/398/457 1750/397/470 1751/398/457
f 781/9/471 1368/10/464 1369/9/471
f 618/501/458 1205/499/472 1206/501/458
f 893/215/459 1480/213/473 1481/215/459
f 707/498/474 1294/500/475 1295/498/474
f 842/108/476 1437/111/476 1430/108/476
f 899/212/477 1486/214/463 1487/212/477
f 1162/397/470 1749/394/478 1750/397/470
f 782/8/479 1369/9/471 1370/8/479
f 1032/292/466 1619/290/480 1620/292/467
f 1167/393/481 1754/396/461 1755/393/481
f 961/289/482 1548/291/469 1549/289/494
f 783/7/483 1370/8/479 1371/7/483
f 617/499/472 1204/497/484 1205/499/472
f 892/213/473 1479/211/485 1480/213/473
f 708/496/486 1295/498/474 1296/496/486
f 843/109/235 1430/108/235 1431/109/235
f 900/209/487 1487/212/477 1488/209/487
f 1085/395/444 1672/384/488 1673/395/444
f 784/6/489 1371/7/483 1372/6/497
f 1031/290/480 1618/288/491 1619/290/480
f 844/107/492 1431/109/492 1432/107/492
f 962/286/493 1549/289/494 1550/286/493
f 1161/394/478 1748/392/495 1749/394/478
f 785/5/496 1372/6/497 1373/5/496
f 616/497/484 1203/495/498 1204/497/484
f 738/105/499 1325/106/500 1326/105/499
f 891/211/485 1478/208/501 1479/211/485
f 1168/390/502 1755/393/481 1756/390/502
f 709/494/503 1296/496/486 1297/494/513
f 737/106/500 1324/1/168 1325/106/500
f 786/4/504 1373/5/496 1374/4/504
f 739/104/505 1326/105/499 1327/104/505
f 920/207/506 1507/210/235 1508/207/506
f 1030/288/490 1617/287/507 1618/288/491
f 1160/392/495 1747/391/508 1748/392/495
f 787/3/235 1374/4/504 1375/3/235
f 615/495/498 1202/493/509 1203/495/498
f 740/103/510 1327/104/505 1328/103/510
f 1029/287/507 1616/285/511 1617/287/507
f 710/491/512 1297/494/513 1298/491/512
f 919/210/235 1506/206/514 1507/210/235
f 963/283/515 1550/286/493 1551/283/515
f 1159/391/508 1746/389/516 1747/391/508
f 741/102/517 1328/103/510 1329/102/517
f 901/201/518 1488/209/487 1489/201/518
f 1169/386/519 1756/390/502 1757/386/519
f 736/1/112 1375/3/112 1324/1/112
f 614/493/509 1201/492/520 1202/493/509
f 742/101/521 1329/102/517 1330/101/521
f 1028/285/511 1615/284/522 1616/285/511
f 890/208/501 1477/200/523 1478/208/501
f 1158/389/516 1745/387/525 1746/389/516
f 613/492/520 1200/490/526 1201/492/520
f 743/100/527 1330/101/521 1331/100/527
f 921/205/528 1508/207/506 1509/205/528
f 1027/284/522 1614/282/529 1615/284/522
f 1055/373/158 1642/388/437 1643/373/158
f 711/488/530 1298/491/512 1299/488/530
f 964/279/531 1551/283/515 1552/279/531
f 744/97/532 1331/100/527 1332/97/532
f 918/206/514 1505/204/533 1506/206/514
f 1157/387/524 1744/385/535 1745/387/525
f 612/490/526 1199/489/536 1200/490/526
f 922/203/537 1509/205/528 1510/203/537
f 1026/282/529 1613/281/539 1614/282/529
f 1170/382/540 1757/386/519 1758/382/564
f 841/64/235 1428/99/541 1429/64/235
f 611/489/536 1198/487/543 1199/489/536
f 1025/281/538 1612/280/544 1613/281/539
f 712/485/545 1299/488/530 1300/485/545
f 917/204/533 1504/202/546 1505/204/533
f 1156/385/534 1743/383/547 1744/385/535
f 840/99/541 1427/98/548 1428/99/541
f 923/199/549 1510/203/537 1511/199/549
f 1024/280/544 1611/278/550 1612/280/544
f 965/276/551 1552/279/531 1553/276/551
f 1084/384/488 1671/377/552 1672/384/488
f 610/487/542 1197/486/553 1198/487/543
f 839/98/548 1426/96/554 1427/98/548
f 745/93/555 1332/97/532 1333/93/555
f 916/202/546 1503/198/556 1504/202/546
f 1155/383/547 1742/381/557 1743/383/547
f 609/486/553 1196/484/559 1197/486/553
f 902/195/560 1489/201/518 1490/195/560
f 1023/278/550 1610/277/562 1611/278/550
f 1171/380/563 1758/382/564 1759/380/563
f 713/481/565 1300/485/545 1301/481/565
f 675/587/566 1262/588/567 1263/587/566
f 838/96/554 1425/95/568 1426/96/554
f 674/588/567 1261/586/569 1262/588/567
f 1022/277/561 1609/275/570 1610/277/562
f 676/584/571 1263/587/566 1264/584/571
f 889/200/523 1476/194/573 1477/200/523
f 966/273/574 1553/276/551 1554/273/574
f 1154/381/557 1741/379/576 1742/381/557
f 608/484/558 1195/483/577 1196/484/559
f 837/95/568 1424/94/578 1425/95/568
f 924/197/579 1511/199/549 1512/197/579
f 1172/376/580 1759/380/563 1760/376/580
f 607/483/577 1194/482/581 1195/483/577
f 836/94/578 1423/92/582 1424/94/578
f 673/586/569 1260/585/583 1261/586/569
f 1021/275/570 1608/274/584 1609/275/570
f 746/90/585 1333/93/555 1334/90/585
f 915/198/556 1502/196/586 1503/198/556
f 1153/379/587 1740/378/589 1741/379/627
f 606/482/581 1193/480/590 1194/482/581
f 672/585/583 1259/583/591 1260/585/583
f 925/193/592 1512/197/579 1513/193/592
f 1020/274/584 1607/272/593 1608/274/584
f 714/477/594 1301/481/565 1302/477/594
f 677/580/595 1264/584/571 1265/580/595
f 967/270/596 1554/273/574 1555/270/596
f 1152/378/588 1739/375/598 1740/378/589
f 835/92/582 1422/91/599 1423/92/582
f 914/196/586 1501/192/600 1502/196/586
f 1083/377/552 1670/366/52 1671/377/552
f 605/480/590 1192/479/601 1193/480/590
f 834/91/599 1421/89/603 1422/91/599
f 671/583/591 1258/582/604 1259/583/591
f 903/191/605 1490/195/560 1491/191/605
f 1019/272/593 1606/271/606 1607/272/593
f 1173/371/607 1760/376/580 1761/371/626
f 747/87/608 1334/90/585 1335/87/608
f 604/479/601 1191/478/609 1192/479/601
f 670/582/604 1257/581/610 1258/582/604
f 1018/271/606 1605/269/611 1606/271/606
f 888/194/572 1475/190/9 1476/194/573
f 968/267/612 1555/270/596 1556/267/612
f 1151/375/597 1738/374/613 1739/375/598
f 603/478/609 1190/476/614 1191/478/609
f 833/89/602 1420/88/615 1421/89/603
f 669/581/610 1256/579/616 1257/581/610
f 926/189/12 1513/193/592 1514/189/12
f 715/474/3 1302/477/594 1303/474/3
f 678/577/8 1265/580/595 1266/577/8
f 1150/374/613 1737/372/618 1738/374/613
f 832/88/615 1419/86/619 1420/88/615
f 1017/269/611 1604/268/621 1605/269/611
f 1056/360/90 1643/373/158 1644/360/90
f 748/85/5 1335/87/608 1336/85/6
f 913/192/600 1500/188/622 1501/192/600
f 602/476/614 1189/475/103 1190/476/614
f 668/579/616 1255/578/623 1256/579/616
f 904/185/47 1491/191/605 1492/185/47
f 1016/268/620 1603/266/13 1604/268/621
f 969/264/28 1556/267/612 1557/264/28
f 1149/372/617 1736/370/624 1737/372/618
f 7/466/1 596/468/1 8/468/1
f 556/364/1 1145/365/1 557/365/1
f 274/157/1 863/151/1 275/151/1
f 93/571/1 682/565/1 94/565/1
f 176/53/1 765/48/1 177/48/1
f 8/468/1 597/469/1 9/469/1
f 493/359/1 1082/366/1 494/366/1
f 382/261/1 971/257/1 383/257/1
f 347/158/1 936/154/1 348/154/1
f 92/572/1 681/571/1 93/571/1
f 423/260/1 1012/262/1 424/262/1
f 362/155/1 951/159/1 363/159/1
f 175/54/1 764/53/1 176/53/1
f 91/573/1 680/572/1 92/572/1
f 128/470/1 717/467/1 129/467/1
f 586/367/1 1175/361/1 587/361/1
f 424/262/1 1013/263/1 425/263/1
f 292/156/1 881/160/1 293/160/1
f 75/548/1 664/574/1 76/574/1
f 174/55/1 763/54/1 175/54/1
f 9/469/1 598/471/1 10/471/1
f 557/365/1 1146/368/1 558/368/1
f 76/574/1 665/575/1 77/575/1
f 173/56/1 762/55/1 174/55/1
f 10/471/1 599/472/1 11/472/1
f 558/368/1 1147/369/1 559/369/1
f 381/264/1 970/261/1 382/261/1
f 273/161/1 862/157/1 274/157/1
f 425/263/1 1014/265/1 426/265/1
f 77/575/1 666/576/1 78/576/1
f 172/57/1 761/56/1 173/56/1
f 11/472/1 600/473/1 12/473/1
f 559/369/1 1148/370/1 560/370/1
f 346/162/1 935/158/1 347/158/1
f 426/265/1 1015/266/1 427/266/1
f 363/159/1 952/163/1 364/163/1
f 171/58/1 760/57/1 172/57/1
f 90/577/1 679/573/1 91/573/1
f 127/474/1 716/470/1 128/470/1
f 585/371/1 1174/367/1 586/367/1
f 78/576/1 667/578/1 79/578/1
f 170/59/1 759/58/1 171/58/1
f 12/473/1 601/475/1 13/475/1
f 560/370/1 1149/372/1 561/372/1
f 380/267/1 969/264/1 381/264/1
f 345/164/1 934/162/1 346/162/1
f 427/266/1 1016/268/1 428/268/1
f 364/163/1 953/165/1 365/165/1
f 79/578/1 668/579/1 80/579/1
f 169/60/1 758/59/1 170/59/1
f 13/475/1 602/476/1 14/476/1
f 467/373/1 1056/360/1 468/360/1
f 428/268/1 1017/269/1 429/269/1
f 293/160/1 882/166/1 294/166/1
f 168/61/1 757/60/1 169/60/1
f 561/372/1 1150/374/1 562/374/1
f 89/580/1 678/577/1 90/577/1
f 227/52/1 816/62/1 228/62/1
f 126/477/1 715/474/1 127/474/1
f 80/579/1 669/581/1 81/581/1
f 14/476/1 603/478/1 15/478/1
f 562/374/1 1151/375/1 563/375/1
f 379/270/1 968/267/1 380/267/1
f 272/167/1 861/161/1 273/161/1
f 429/269/1 1018/271/1 430/271/1
f 81/581/1 670/582/1 82/582/1
f 167/63/1 756/61/1 168/61/1
f 15/478/1 604/479/1 16/479/1
f 344/168/1 933/164/1 345/164/1
f 584/376/1 1173/371/1 585/371/1
f 430/271/1 1019/272/1 431/272/1
f 365/165/1 954/169/1 366/169/1
f 82/582/1 671/583/1 83/583/1
f 253/64/1 815/52/1 227/52/1
f 16/479/1 605/480/1 17/480/1
f 494/366/1 1083/377/1 495/377/1
f 228/62/1 817/65/1 229/65/1
f 294/166/1 883/170/1 295/170/1
f 563/375/1 1152/378/1 564/378/1
f 378/273/1 967/270/1 379/270/1
f 88/584/1 677/580/1 89/580/1
f 229/65/1 818/66/1 230/66/1
f 125/481/1 714/477/1 126/477/1
f 431/272/1 1020/274/1 432/274/1
f 83/583/1 672/585/1 84/585/1
f 17/480/1 606/482/1 18/482/1
f 564/378/1 1153/379/1 565/379/1
f 271/171/1 860/167/1 272/167/1
f 230/66/1 819/67/1 231/67/1
f 432/274/1 1021/275/1 433/275/1
f 84/585/1 673/586/1 85/586/1
f 18/482/1 607/483/1 19/483/1
f 343/172/1 932/168/1 344/168/1
f 583/380/1 1172/376/1 584/376/1
f 366/169/1 907/173/1 319/173/1
f 166/68/1 755/63/1 167/63/1
f 19/483/1 608/484/1 20/484/1
f 565/379/1 1154/381/1 566/381/1
f 377/276/1 966/273/1 378/273/1
f 87/587/1 676/584/1 88/584/1
f 231/67/1 820/69/1 232/69/1
f 433/275/1 1022/277/1 434/277/1
f 295/170/1 884/174/1 296/174/1
f 85/586/1 674/588/1 86/588/1
f 86/588/1 675/587/1 87/587/1
f 232/69/1 821/70/1 233/70/1
f 124/485/1 713/481/1 125/481/1
f 582/382/1 1171/380/1 583/380/1
f 434/277/1 1023/278/1 435/278/1
f 20/484/1 609/486/1 21/486/1
f 566/381/1 1155/383/1 567/383/1
f 342/175/1 931/172/1 343/172/1
f 319/173/1 908/176/1 320/176/1
f 165/71/1 754/68/1 166/68/1
f 21/486/1 610/487/1 22/487/1
f 495/377/1 1084/384/1 496/384/1
f 376/279/1 965/276/1 377/276/1
f 233/70/1 822/72/1 234/72/1
f 435/278/1 1024/280/1 436/280/1
f 567/383/1 1156/385/1 568/385/1
f 318/177/1 859/171/1 271/171/1
f 234/72/1 823/73/1 235/73/1
f 123/488/1 712/485/1 124/485/1
f 436/280/1 1025/281/1 437/281/1
f 22/487/1 611/489/1 23/489/1
f 341/178/1 930/175/1 342/175/1
f 581/386/1 1170/382/1 582/382/1
f 437/281/1 1026/282/1 438/282/1
f 320/176/1 909/179/1 321/179/1
f 164/74/1 753/71/1 165/71/1
f 23/489/1 612/490/1 24/490/1
f 568/385/1 1157/387/1 569/387/1
f 235/73/1 824/75/1 236/75/1
f 296/174/1 885/180/1 297/180/1
f 375/283/1 964/279/1 376/279/1
f 236/75/1 825/76/1 237/76/1
f 122/491/1 711/488/1 123/488/1
f 466/388/1 1055/373/1 467/373/1
f 438/282/1 1027/284/1 439/284/1
f 24/490/1 613/492/1 25/492/1
f 569/387/1 1158/389/1 570/389/1
f 317/181/1 906/177/1 318/177/1
f 439/284/1 1028/285/1 440/285/1
f 163/77/1 752/74/1 164/74/1
f 25/492/1 614/493/1 26/493/1
f 340/182/1 929/178/1 341/178/1
f 237/76/1 826/78/1 238/78/1
f 580/390/1 1169/386/1 581/386/1
f 321/179/1 910/183/1 322/183/1
f 570/389/1 1159/391/1 571/391/1
f 374/286/1 963/283/1 375/283/1
f 121/494/1 710/491/1 122/491/1
f 440/285/1 1029/287/1 441/287/1
f 297/180/1 886/184/1 298/184/1
f 162/79/1 751/77/1 163/77/1
f 26/493/1 615/495/1 27/495/1
f 571/391/1 1160/392/1 572/392/1
f 238/78/1 827/80/1 239/80/1
f 441/287/1 1030/288/1 442/288/1
f 316/185/1 905/181/1 317/181/1
f 239/80/1 828/81/1 240/81/1
f 120/496/1 709/494/1 121/494/1
f 579/393/1 1168/390/1 580/390/1
f 322/183/1 911/186/1 323/186/1
f 27/495/1 616/497/1 28/497/1
f 572/392/1 1161/394/1 573/394/1
f 373/289/1 962/286/1 374/286/1
f 442/288/1 1031/290/1 443/290/1
f 161/82/1 750/79/1 162/79/1
f 496/384/1 1085/395/1 497/395/1
f 339/187/1 928/182/1 340/182/1
f 240/81/1 829/83/1 241/83/1
f 119/498/1 708/496/1 120/496/1
f 323/186/1 912/188/1 324/188/1
f 28/497/1 617/499/1 29/499/1
f 372/291/1 961/289/1 373/289/1
f 241/83/1 830/84/1 242/84/1
f 578/396/1 1167/393/1 579/393/1
f 443/290/1 1032/292/1 444/292/1
f 573/394/1 1162/397/1 574/397/1
f 338/189/1 927/187/1 339/187/1
f 118/500/1 707/498/1 119/498/1
f 298/184/1 887/190/1 299/190/1
f 160/85/1 749/82/1 161/82/1
f 29/499/1 618/501/1 30/501/1
f 574/397/1 1163/398/1 575/398/1
f 371/293/1 960/291/1 372/291/1
f 242/84/1 831/86/1 243/86/1
f 444/292/1 1033/294/1 445/294/1
f 315/191/1 904/185/1 316/185/1
f 117/502/1 706/500/1 118/500/1
f 577/399/1 1166/396/1 578/396/1
f 445/294/1 1034/295/1 446/295/1
f 324/188/1 913/192/1 325/192/1
f 159/87/1 748/85/1 160/85/1
f 30/501/1 619/503/1 31/503/1
f 575/398/1 1164/400/1 576/400/1
f 243/86/1 832/88/1 244/88/1
f 31/503/1 620/504/1 32/504/1
f 576/400/1 1165/399/1 577/399/1
f 370/296/1 959/293/1 371/293/1
f 337/193/1 926/189/1 338/189/1
f 244/88/1 833/89/1 245/89/1
f 446/295/1 1035/297/1 447/297/1
f 299/190/1 888/194/1 300/194/1
f 116/505/1 705/502/1 117/502/1
f 497/395/1 1086/401/1 498/401/1
f 158/90/1 747/87/1 159/87/1
f 32/504/1 621/506/1 33/506/1
f 369/298/1 958/296/1 370/296/1
f 314/195/1 903/191/1 315/191/1
f 245/89/1 834/91/1 246/91/1
f 447/297/1 1036/299/1 448/299/1
f 325/192/1 914/196/1 326/196/1
f 465/402/1 1054/388/1 466/388/1
f 246/91/1 835/92/1 247/92/1
f 115/507/1 704/505/1 116/505/1
f 498/401/1 1087/403/1 499/403/1
f 33/506/1 622/508/1 34/508/1
f 368/300/1 957/298/1 369/298/1
f 336/197/1 925/193/1 337/193/1
f 499/403/1 1088/404/1 500/404/1
f 448/299/1 1037/301/1 449/301/1
f 326/196/1 915/198/1 327/198/1
f 157/93/1 746/90/1 158/90/1
f 34/508/1 623/509/1 35/509/1
f 247/92/1 836/94/1 248/94/1
f 449/301/1 1038/302/1 450/302/1
f 35/509/1 624/510/1 36/510/1
f 335/199/1 924/197/1 336/197/1
f 248/94/1 837/95/1 249/95/1
f 300/194/1 889/200/1 301/200/1
f 515/406/1 1104/405/1 516/405/1
f 367/303/1 956/300/1 368/300/1
f 249/95/1 838/96/1 250/96/1
f 114/511/1 703/507/1 115/507/1
f 516/405/1 1105/407/1 517/407/1
f 36/510/1 625/512/1 37/512/1
f 455/304/1 955/303/1 367/303/1
f 313/201/1 902/195/1 314/195/1
f 500/404/1 1089/408/1 501/408/1
f 450/302/1 1039/305/1 451/305/1
f 327/198/1 916/202/1 328/202/1
f 156/97/1 745/93/1 157/93/1
f 37/512/1 626/513/1 38/513/1
f 250/96/1 839/98/1 251/98/1
f 451/305/1 1040/306/1 452/306/1
f 464/409/1 1053/402/1 465/402/1
f 334/203/1 923/199/1 335/199/1
f 251/98/1 840/99/1 252/99/1
f 113/514/1 702/511/1 114/511/1
f 452/306/1 1041/307/1 453/307/1
f 328/202/1 917/204/1 329/204/1
f 514/410/1 1103/406/1 515/406/1
f 112/515/1 701/514/1 113/514/1
f 453/307/1 1042/308/1 454/308/1
f 252/99/1 841/64/1 253/64/1
f 513/411/1 1102/410/1 514/410/1
f 454/308/1 1043/304/1 455/304/1
f 333/205/1 922/203/1 334/203/1
f 111/516/1 700/515/1 112/515/1
f 480/311/1 1069/309/1 481/309/1
f 329/204/1 918/206/1 330/206/1
f 512/412/1 1101/411/1 513/411/1
f 155/100/1 744/97/1 156/97/1
f 110/517/1 699/516/1 111/516/1
f 501/408/1 1090/413/1 502/413/1
f 479/310/1 1068/311/1 480/311/1
f 481/309/1 1070/312/1 482/312/1
f 332/207/1 921/205/1 333/205/1
f 154/101/1 743/100/1 155/100/1
f 109/518/1 698/517/1 110/517/1
f 301/200/1 890/208/1 302/208/1
f 511/414/1 1100/412/1 512/412/1
f 153/102/1 742/101/1 154/101/1
f 108/519/1 697/518/1 109/518/1
f 199/3/1 736/1/1 148/1/1
f 478/313/1 1067/310/1 479/310/1
f 510/415/1 1099/414/1 511/414/1
f 482/312/1 1071/314/1 483/314/1
f 312/209/1 901/201/1 313/201/1
f 152/103/1 741/102/1 153/102/1
f 107/520/1 696/519/1 108/519/1
f 330/206/1 919/210/1 331/210/1
f 509/416/1 1098/415/1 510/415/1
f 151/104/1 740/103/1 152/103/1
f 106/521/1 695/520/1 107/520/1
f 198/4/1 787/3/1 199/3/1
f 517/407/1 1106/417/1 518/417/1
f 477/315/1 1066/313/1 478/313/1
f 38/513/1 627/522/1 39/522/1
f 483/314/1 1072/316/1 484/316/1
f 331/210/1 920/207/1 332/207/1
f 150/105/1 739/104/1 151/104/1
f 197/5/1 786/4/1 198/4/1
f 502/413/1 1091/418/1 503/418/1
f 148/1/1 737/106/1 149/106/1
f 302/208/1 891/211/1 303/211/1
f 149/106/1 738/105/1 150/105/1
f 105/523/1 694/521/1 106/521/1
f 196/6/1 785/5/1 197/5/1
f 476/317/1 1065/315/1 477/315/1
f 255/109/1 844/107/1 256/107/1
f 39/522/1 628/524/1 40/524/1
f 508/419/1 1097/416/1 509/416/1
f 484/316/1 1073/318/1 485/318/1
f 195/7/1 784/6/1 196/6/1
f 311/212/1 900/209/1 312/209/1
f 254/108/1 843/109/1 255/109/1
f 40/524/1 629/525/1 41/525/1
f 507/420/1 1096/419/1 508/419/1
f 303/211/1 892/213/1 304/213/1
f 194/8/1 783/7/1 195/7/1
f 475/319/1 1064/317/1 476/317/1
f 41/525/1 630/526/1 42/526/1
f 506/421/1 1095/420/1 507/420/1
f 485/318/1 1074/320/1 486/320/1
f 193/9/1 782/8/1 194/8/1
f 503/418/1 1092/422/1 504/422/1
f 310/214/1 899/212/1 311/212/1
f 261/111/1 842/108/1 254/108/1
f 304/213/1 893/215/1 305/215/1
f 104/527/1 693/523/1 105/523/1
f 192/10/1 781/9/1 193/9/1
f 504/422/1 1093/423/1 505/423/1
f 474/321/1 1063/319/1 475/319/1
f 264/112/1 850/110/1 262/110/1
f 42/526/1 631/528/1 43/528/1
f 505/423/1 1094/421/1 506/421/1
f 486/320/1 1075/322/1 487/322/1
f 262/110/1 851/113/1 263/113/1
f 191/11/1 780/10/1 192/10/1
f 518/417/1 1107/424/1 519/424/1
f 309/216/1 898/214/1 310/214/1
f 43/528/1 632/529/1 44/529/1
f 200/2/1 789/12/1 201/12/1
f 305/215/1 894/217/1 306/217/1
f 473/323/1 1062/321/1 474/321/1
f 463/425/1 1052/409/1 464/409/1
f 487/322/1 1076/324/1 488/324/1
f 103/530/1 692/527/1 104/527/1
f 190/13/1 779/11/1 191/11/1
f 519/424/1 1108/426/1 520/426/1
f 308/218/1 897/216/1 309/216/1
f 263/113/1 852/112/1 264/112/1
f 44/529/1 633/531/1 45/531/1
f 306/217/1 895/219/1 307/219/1
f 258/114/1 847/115/1 259/115/1
f 226/14/1 788/2/1 200/2/1
f 540/325/1 1129/326/1 541/326/1
f 307/219/1 896/218/1 308/218/1
f 201/12/1 790/15/1 202/15/1
f 462/427/1 1051/425/1 463/425/1
f 392/222/1 981/220/1 393/220/1
f 102/532/1 691/530/1 103/530/1
f 520/426/1 1109/428/1 521/428/1
f 256/107/1 845/116/1 257/116/1
f 45/531/1 634/533/1 46/533/1
f 202/15/1 791/16/1 203/16/1
f 541/326/1 1130/327/1 542/327/1
f 391/221/1 980/222/1 392/222/1
f 257/116/1 846/114/1 258/114/1
f 521/428/1 1110/429/1 522/429/1
f 393/220/1 982/223/1 394/223/1
f 259/115/1 848/117/1 260/117/1
f 46/533/1 635/534/1 47/534/1
f 260/117/1 849/111/1 261/111/1
f 189/17/1 778/13/1 190/13/1
f 539/328/1 1128/325/1 540/325/1
f 394/223/1 983/224/1 395/224/1
f 266/120/1 855/118/1 267/118/1
f 203/16/1 792/18/1 204/18/1
f 461/430/1 1050/427/1 462/427/1
f 542/327/1 1131/329/1 543/329/1
f 101/535/1 690/532/1 102/532/1
f 522/429/1 1111/431/1 523/431/1
f 265/119/1 854/120/1 266/120/1
f 47/534/1 636/536/1 48/536/1
f 204/18/1 793/19/1 205/19/1
f 390/225/1 979/221/1 391/221/1
f 523/431/1 1112/432/1 524/432/1
f 472/330/1 1061/323/1 473/323/1
f 395/224/1 984/226/1 396/226/1
f 270/121/1 853/119/1 265/119/1
f 205/19/1 794/20/1 206/20/1
f 100/537/1 689/535/1 101/535/1
f 538/331/1 1127/328/1 539/328/1
f 269/122/1 858/121/1 270/121/1
f 48/536/1 637/538/1 49/538/1
f 206/20/1 795/21/1 207/21/1
f 460/433/1 1049/430/1 461/430/1
f 543/329/1 1132/332/1 544/332/1
f 389/227/1 978/225/1 390/225/1
f 267/118/1 856/123/1 268/123/1
f 524/432/1 1113/434/1 525/434/1
f 396/226/1 985/228/1 397/228/1
f 268/123/1 857/122/1 269/122/1
f 283/126/1 872/124/1 284/124/1
f 99/539/1 688/537/1 100/537/1
f 188/22/1 777/17/1 189/17/1
f 525/434/1 1114/435/1 526/435/1
f 537/333/1 1126/331/1 538/331/1
f 397/228/1 986/229/1 398/229/1
f 49/538/1 638/540/1 50/540/1
f 207/21/1 796/23/1 208/23/1
f 544/332/1 1133/334/1 545/334/1
f 282/125/1 871/126/1 283/126/1
f 208/23/1 797/24/1 209/24/1
f 459/436/1 1048/433/1 460/433/1
f 488/324/1 1077/335/1 489/335/1
f 388/230/1 977/227/1 389/227/1
f 281/127/1 870/125/1 282/125/1
f 98/541/1 687/539/1 99/539/1
f 526/435/1 1115/437/1 527/437/1
f 398/229/1 987/231/1 399/231/1
f 284/124/1 873/128/1 285/128/1
f 50/540/1 639/542/1 51/542/1
f 187/25/1 776/22/1 188/22/1
f 527/437/1 1116/438/1 528/438/1
f 536/336/1 1125/333/1 537/333/1
f 399/231/1 988/232/1 400/232/1
f 51/542/1 640/543/1 52/543/1
f 209/24/1 798/26/1 210/26/1
f 545/334/1 1134/337/1 546/337/1
f 280/129/1 869/127/1 281/127/1
f 285/128/1 874/130/1 286/130/1
f 210/26/1 799/27/1 211/27/1
f 458/439/1 1047/436/1 459/436/1
f 387/233/1 976/230/1 388/230/1
f 97/544/1 686/541/1 98/541/1
f 528/438/1 1044/440/1 456/440/1
f 535/338/1 1124/336/1 536/336/1
f 400/232/1 989/234/1 401/234/1
f 52/543/1 641/545/1 53/545/1
f 546/337/1 1135/339/1 547/339/1
f 279/131/1 868/129/1 280/129/1
f 186/28/1 775/25/1 187/25/1
f 456/440/1 1045/441/1 457/441/1
f 401/234/1 990/235/1 402/235/1
f 286/130/1 875/132/1 287/132/1
f 53/545/1 642/546/1 54/546/1
f 211/27/1 800/29/1 212/29/1
f 457/441/1 1046/439/1 458/439/1
f 135/444/1 724/442/1 136/442/1
f 471/340/1 1060/330/1 472/330/1
f 287/132/1 876/133/1 288/133/1
f 212/29/1 801/30/1 213/30/1
f 386/236/1 975/233/1 387/233/1
f 96/547/1 685/544/1 97/544/1
f 134/443/1 723/444/1 135/444/1
f 534/341/1 1123/338/1 535/338/1
f 402/235/1 991/237/1 403/237/1
f 74/550/1 663/548/1 75/548/1
f 136/442/1 725/445/1 137/445/1
f 489/335/1 1078/342/1 490/342/1
f 278/134/1 867/131/1 279/131/1
f 185/31/1 774/28/1 186/28/1
f 403/237/1 992/238/1 404/238/1
f 288/133/1 877/135/1 289/135/1
f 73/549/1 662/550/1 74/550/1
f 213/30/1 802/32/1 214/32/1
f 137/445/1 726/446/1 138/446/1
f 547/339/1 1136/343/1 548/343/1
f 54/546/1 643/551/1 55/551/1
f 385/239/1 974/236/1 386/236/1
f 184/33/1 773/31/1 185/31/1
f 133/447/1 722/443/1 134/443/1
f 533/344/1 1122/341/1 534/341/1
f 404/238/1 993/240/1 405/240/1
f 72/552/1 661/549/1 73/549/1
f 214/32/1 803/34/1 215/34/1
f 138/446/1 727/448/1 139/448/1
f 548/343/1 1137/345/1 549/345/1
f 405/240/1 994/241/1 406/241/1
f 277/137/1 866/134/1 278/134/1
f 55/551/1 644/553/1 56/553/1
f 139/448/1 728/449/1 140/449/1
f 406/241/1 995/242/1 407/242/1
f 354/138/1 943/136/1 355/136/1
f 183/35/1 772/33/1 184/33/1
f 532/346/1 1121/344/1 533/344/1
f 355/136/1 944/139/1 356/139/1
f 71/554/1 660/552/1 72/552/1
f 215/34/1 804/36/1 216/36/1
f 140/449/1 729/450/1 141/450/1
f 407/242/1 996/243/1 408/243/1
f 470/347/1 1059/340/1 471/340/1
f 95/555/1 684/547/1 96/547/1
f 490/342/1 1079/348/1 491/348/1
f 408/243/1 997/244/1 409/244/1
f 353/140/1 942/138/1 354/138/1
f 56/553/1 645/556/1 57/556/1
f 182/37/1 771/35/1 183/35/1
f 132/451/1 721/447/1 133/447/1
f 356/139/1 945/141/1 357/141/1
f 216/36/1 805/38/1 217/38/1
f 141/450/1 730/452/1 142/452/1
f 549/345/1 1138/349/1 550/349/1
f 409/244/1 998/245/1 410/245/1
f 289/135/1 878/142/1 290/142/1
f 70/557/1 659/554/1 71/554/1
f 142/452/1 731/453/1 143/453/1
f 410/245/1 999/246/1 411/246/1
f 181/39/1 770/37/1 182/37/1
f 531/350/1 1120/346/1 532/346/1
f 69/558/1 658/557/1 70/557/1
f 217/38/1 806/40/1 218/40/1
f 143/453/1 732/454/1 144/454/1
f 550/349/1 1139/351/1 551/351/1
f 411/246/1 1000/247/1 412/247/1
f 276/143/1 865/137/1 277/137/1
f 57/556/1 646/559/1 58/559/1
f 412/247/1 1001/248/1 413/248/1
f 352/144/1 941/140/1 353/140/1
f 180/41/1 769/39/1 181/39/1
f 131/455/1 720/451/1 132/451/1
f 530/352/1 1119/350/1 531/350/1
f 357/141/1 946/145/1 358/145/1
f 68/560/1 657/558/1 69/558/1
f 218/40/1 807/42/1 219/42/1
f 144/454/1 733/456/1 145/456/1
f 491/348/1 1080/353/1 492/353/1
f 413/248/1 1002/249/1 414/249/1
f 58/559/1 647/561/1 59/561/1
f 145/456/1 734/457/1 146/457/1
f 414/249/1 1003/250/1 415/250/1
f 351/146/1 940/144/1 352/144/1
f 179/43/1 768/41/1 180/41/1
f 469/354/1 1058/347/1 470/347/1
f 358/145/1 947/147/1 359/147/1
f 67/562/1 656/560/1 68/560/1
f 219/42/1 808/44/1 220/44/1
f 551/351/1 1140/355/1 552/355/1
f 415/250/1 1004/251/1 416/251/1
f 130/458/1 719/455/1 131/455/1
f 66/563/1 655/562/1 67/562/1
f 220/44/1 809/45/1 221/45/1
f 146/457/1 735/459/1 147/459/1
f 350/148/1 939/146/1 351/146/1
f 59/561/1 648/564/1 60/564/1
f 529/356/1 1118/352/1 530/352/1
f 416/251/1 1005/252/1 417/252/1
f 359/147/1 948/149/1 360/149/1
f 147/459/1 589/460/1 1/460/1
f 552/355/1 1141/357/1 553/357/1
f 178/46/1 767/43/1 179/43/1
f 1/460/1 590/461/1 2/461/1
f 290/142/1 879/150/1 291/150/1
f 94/565/1 683/555/1 95/555/1
f 221/45/1 810/47/1 222/47/1
f 384/253/1 973/239/1 385/239/1
f 2/461/1 591/462/1 3/462/1
f 588/358/1 1117/356/1 529/356/1
f 417/252/1 1006/254/1 418/254/1
f 65/566/1 654/563/1 66/563/1
f 492/353/1 1081/359/1 493/359/1
f 275/151/1 864/143/1 276/143/1
f 60/564/1 649/567/1 61/567/1
f 177/48/1 766/46/1 178/46/1
f 3/462/1 592/463/1 4/463/1
f 418/254/1 1007/255/1 419/255/1
f 222/47/1 811/49/1 223/49/1
f 349/152/1 938/148/1 350/148/1
f 4/463/1 593/464/1 5/464/1
f 468/360/1 1057/354/1 469/354/1
f 419/255/1 1008/256/1 420/256/1
f 360/149/1 949/153/1 361/153/1
f 64/568/1 653/566/1 65/566/1
f 223/49/1 812/50/1 224/50/1
f 587/361/1 1176/358/1 588/358/1
f 63/569/1 652/568/1 64/568/1
f 224/50/1 813/51/1 225/51/1
f 5/464/1 594/465/1 6/465/1
f 553/357/1 1142/362/1 554/362/1
f 383/257/1 972/253/1 384/253/1
f 348/154/1 937/152/1 349/152/1
f 61/567/1 650/570/1 62/570/1
f 420/256/1 1009/258/1 421/258/1
f 361/153/1 950/155/1 362/155/1
f 6/465/1 595/466/1 7/466/1
f 554/362/1 1143/363/1 555/363/1
f 421/258/1 1010/259/1 422/259/1
f 291/150/1 880/156/1 292/156/1
f 62/570/1 651/569/1 63/569/1
f 555/363/1 1144/364/1 556/364/1
f 225/51/1 814/14/1 226/14/1
f 129/467/1 718/458/1 130/458/1
f 422/259/1 1011/260/1 423/260/1
f 1174/367/41 1761/371/626 1762/367/41
f 667/578/623 1254/576/22 1255/578/623
f 831/86/619 1418/84/20 1419/86/619
f 601/475/103 1188/473/18 1189/475/103
